Year,DP01,DP10,DP1X,EMXP,PRCP,CDSD,CLDD,DT00,DT32,DX32,DX70,DX90,EMNT,EMXT,FZF0,FZF5,FZF6,HDSD,HTDD,TAVG,TMAX,TMIN,FZF1,FZF2,FZF7,FZF8,FZF3,FZF9,DSNW,EMSN,SNOW,FZF4,DSND,EMSD,DYFG,DYTS,WDMV,DYHF,EVAP,WDFG,WSFG
1880-01-01T00:00:00,93.29936305732484,56.832271762208066,4.738853503184713,49.33312101910828,656.2584905660372,310.4189999999999,310.4189999999999,15.263636363636364,116.32727272727273,43.36521739130435,117.41739130434783,11.547826086956523,-19.662727272727277,32.93217391304349,-0.8836538461538458,-1.2457142857142853,-3.4343434343434343,3663.7637254901942,3663.7637254901942,8.942685185185184,14.119478260869561,4.070545454545454,-3.2979591836734685,-5.521111111111113,-5.970329670329671,-8.307865168539324,-8.098717948717946,-10.830864197530863,25.014285714285716,224.85714285714286,2108.1805555555557,-10.223188405797098,0.0,0.0,8.0,,,,,,
1881-01-01T00:00:00,89.35804701627487,53.13381555153707,4.2025316455696204,50.03056057866179,605.8419354838719,350.72695652173894,350.72695652173894,14.917355371900827,119.91735537190083,44.101694915254235,110.41525423728814,14.016949152542374,-20.546280991735543,34.094067796610176,-1.3203539823008845,-1.021621621621621,-3.124074074074075,3763.1899999999982,3763.1899999999982,8.934782608695652,13.808135593220342,3.99190082644628,-3.2198113207547165,-5.6744680851063825,-5.949523809523811,-8.429,-7.807792207792208,-10.9,21.573333333333334,221.85333333333332,1751.5,-10.347619047619046,1.6666666666666667,26.666666666666668,,,,,,,
1882-01-01T00:00:00,89.11402157164869,54.016949152542374,4.084745762711864,50.65485362095526,611.375572519084,267.28333333333336,267.28333333333336,12.880794701986755,122.76158940397352,41.20863309352518,99.28776978417267,10.345323741007194,-19.64238410596028,32.13309352517986,-0.8478873239436618,-0.8274647887323937,-3.1954545454545453,3537.5619469026537,3559.349999999999,8.678529411764705,13.512733812949637,3.6377483443708614,-3.3688405797101444,-5.441085271317831,-5.631200000000001,-7.994782608695652,-8.378225806451615,-10.741441441441445,26.194805194805195,232.58441558441558,2230.5569620253164,-10.775438596491227,1.5,50.0,,7.5,,,,,
1883-01-01T00:00:00,87.09782608695652,54.03940217391305,3.4619565217391304,43.75774456521737,580.6971621621623,217.68787878787887,217.68787878787887,21.07792207792208,134.45454545454547,54.723404255319146,92.82978723404256,8.22695035460993,-21.257792207792217,31.785815602836866,-1.0520270270270267,-0.7374149659863943,-3.1857142857142855,4061.48846153846,4061.48846153846,7.277372262773725,12.274609929078016,2.3873376623376616,-3.33450704225352,-5.689312977099239,-5.989051094890514,-8.343846153846155,-8.364166666666668,-10.720325203252033,27.724137931034484,215.816091954023,2201.511111111111,-11.05913043478261,3.0,50.0,,1.5,,,,,
1884-01-01T00:00:00,82.3038728897716,49.304865938430986,3.11519364448858,41.584905660377295,537.6227360308287,236.53464052287578,236.53464052287578,20.65142857142857,125.80571428571429,49.18452380952381,100.96428571428571,10.244047619047619,-21.444000000000003,32.58452380952384,-1.0797619047619047,-0.9317073170731704,-3.1528301886792445,3999.069503546099,3999.069503546099,7.846499999999997,12.993095238095242,2.8015428571428562,-3.2320987654320983,-5.887162162162164,-5.973426573426574,-8.107575757575754,-8.394285714285717,-11.000806451612904,26.796747967479675,244.1951219512195,2160.6220472440946,-10.683206106870225,0.0,0.0,5.25,4.666666666666667,,,,,
1885-01-01T00:00:00,83.71428571428571,50.732484076433124,3.791628753412193,47.92602365787086,566.3862249346129,226.07878787878798,226.07878787878798,22.82608695652174,133.03804347826087,56.575581395348834,93.86627906976744,7.3023255813953485,-21.485326086956523,31.57558139534885,-0.8477011494252867,-0.936781609195402,-3.339393939393939,4270.868152866242,4259.8910256410245,7.142603550295856,12.083662790697671,2.377119565217392,-3.1927710843373482,-5.509493670886074,-5.693037974683543,-8.45496688741722,-8.181632653061225,-11.142758620689653,26.325581395348838,241.86821705426357,2159.1567164179105,-10.437681159420288,0.0,4.0,10.9375,3.55,,,,,
1886-01-01T00:00:00,87.63235294117646,54.98856209150327,4.564542483660131,48.40228758169937,624.4885271317827,236.50110497237569,236.50110497237569,21.896713615023476,128.94366197183098,55.642857142857146,103.19897959183673,12.01530612244898,-23.039436619718305,33.010714285714286,-0.9878172588832478,-0.8999999999999988,-3.468947368421053,3985.8508287292793,3985.8508287292793,7.658947368421054,12.733622448979597,2.660657276995306,-3.328723404255319,-5.670165745856352,-6.041847826086958,-8.337912087912091,-8.042105263157898,-10.62824858757063,24.18796992481203,237.27067669172934,1993.5072463768115,-10.784905660377367,0.6,14.0,12.3,3.5,,,,,
1887-01-01T00:00:00,96.91336818521285,62.00597460791636,5.987303958177745,55.222852875279976,747.9467044649185,294.1085427135677,294.1085427135677,19.50655021834061,132.85589519650654,53.10328638497653,106.11267605633803,14.60093896713615,-21.156768558951963,33.521126760563384,-0.8857142857142855,-1.0721698113207536,-3.3044776119402983,4018.3011111111077,4018.3011111111077,7.899330143540673,12.990140845070425,2.890436681222704,-3.3363184079602015,-5.589528795811521,-5.702040816326531,-7.992592592592598,-8.267039106145262,-10.453005464480874,26.243055555555557,223.1875,2171.9659863945576,-10.616470588235297,6.285714285714286,51.42857142857143,10.764705882352942,5.15,,,,,
1888-01-01T00:00:00,75.48335388409372,44.697287299630084,3.2416769420468556,43.95098643649822,493.79282725642554,270.32553191489365,270.32553191489365,22.57079646017699,133.9646017699115,55.642857142857146,102.28571428571429,13.966666666666667,-22.271681415929198,32.99904761904762,-0.8766990291262124,-1.0263157894736836,-3.3144278606965187,4195.334210526317,4195.334210526317,7.730792079207925,12.644095238095243,2.6178318584070777,-3.262051282051283,-5.543181818181818,-5.689795918367347,-8.393650793650803,-8.16012269938651,-11.020786516853944,21.159420289855074,224.57971014492753,1696.3525179856115,-10.340000000000007,6.583333333333333,66.66666666666667,6.722222222222222,5.090909090909091,,,,,
1889-01-01T00:00:00,92.5174041297935,59.24070796460177,6.40353982300885,62.8294395280236,759.3513966480447,292.56923076923096,292.56923076923096,14.244725738396625,126.03375527426161,44.49777777777778,107.97777777777777,12.848888888888888,-21.338396624472583,32.693777777777775,-0.9481651376146777,-1.2226244343891397,-3.55645933014354,3886.2478947368445,3886.2478947368445,8.585159817351599,13.564044444444438,3.5159915611814347,-3.1748792270531374,-5.693367346938776,-6.099024390243901,-8.580303030303032,-8.032044198895033,-10.833678756476685,20.120805369127517,221.76510067114094,1726.496644295302,-10.554651162790703,18.4,88.53333333333333,10.2,7.5,,,,,
1890-01-01T00:00:00,97.27068062827225,64.0544502617801,6.697382198952879,60.60235602094227,812.6158817635279,263.2400966183576,263.2400966183576,19.749063670411985,129.04494382022472,47.21900826446281,102.69421487603306,12.409090909090908,-21.029588014981275,32.68636363636362,-1.0153846153846144,-1.029959514170039,-3.3638655462184874,3762.3497382198943,3762.3497382198943,8.336793248945149,13.327438016528923,2.8379775280898865,-3.258620689655171,-5.723873873873873,-6.03,-8.377927927927928,-8.319815668202768,-10.876056338028164,20.888198757763973,208.0310559006211,1711.638036809816,-10.903902439024396,11.833333333333334,83.05555555555556,10.484848484848484,8.5,0.0,,,,
1891-01-01T00:00:00,88.31794871794872,56.707692307692305,6.274358974358974,61.62625641025654,720.6540755467197,241.3192825112109,241.3192825112109,18.402135231316727,134.61565836298934,44.3921568627451,108.10588235294118,11.890196078431373,-21.12882562277579,32.76313725490197,-1.1558490566037731,-0.8513207547169797,-3.1188235294117637,3960.861883408072,3960.861883408072,8.489473684210527,13.558627450980389,2.7271886120996456,-3.440466926070039,-5.864049586776864,-5.670445344129558,-8.348547717842333,-7.927192982456147,-10.86324786324787,19.69375,206.11875,1537.558282208589,-10.507211538461538,13.578947368421053,121.47368421052632,11.195121951219512,6.515151515151516,1901.0,,,,
1892-01-01T00:00:00,87.45009881422925,55.898221343873516,5.481719367588933,54.7276679841896,685.108594114899,318.2445378151261,318.2445378151261,21.12772585669782,136.42367601246107,51.22727272727273,112.25174825174825,16.8986013986014,-22.065109034267905,33.590559440559474,-1.0182724252491697,-0.9876254180602003,-3.5357894736842117,4026.5504807692296,4026.5504807692296,8.457436823104691,13.631538461538463,2.8098130841121502,-3.3718213058419226,-5.654448398576518,-5.851438848920864,-8.505839416058398,-7.958088235294124,-10.878651685393262,20.15483870967742,207.52903225806452,1606.72049689441,-10.407307692307699,31.0,235.35294117647058,9.195652173913043,7.592592592592593,3566.3333333333335,,,,
1893-01-01T00:00:00,91.16058700209643,58.68846960167715,6.166457023060796,62.5361006289307,751.7523443815683,445.3067567567567,445.3067567567567,19.832635983263597,127.33612273361227,42.45970149253731,141.10597014925372,27.22686567164179,-22.64351464435145,35.32731343283584,-0.9799707602339237,-1.1173216885007318,-3.5311940298507527,3865.023357664234,3865.023357664234,9.66700315457412,15.631746268656714,3.4624407252440688,-3.2414746543778867,-5.575693311582374,-5.8880620155038645,-8.388141025640994,-7.8860215053763145,-10.793521594684346,22.094170403587444,214.9865470852018,1851.1565217391305,-10.34834951456308,38.67272727272727,241.72727272727272,7.409893992932862,7.504,148977.0,,,,
1894-01-01T00:00:00,92.0331450094162,60.55517890772128,6.265913370998117,59.028361581921,762.1661308001447,467.18185776487644,467.18185776487644,13.191693290734824,117.66027689030884,31.97530864197531,150.34792368125702,32.103254769921435,-22.682534611288613,36.34365881032544,-1.0521358159912457,-0.8758544652701281,-3.4643497757847586,3234.856535947712,3234.856535947712,10.629187279151942,16.667822671156017,4.337082002129929,-3.4057823129251794,-6.017112922002319,-6.226057142857132,-8.656331360946707,-8.578883495145604,-11.025746268656693,15.061475409836065,201.29918032786884,1258.5806451612902,-10.973510773130512,17.983333333333334,152.1,7.2274143302180685,10.12,69942.0,,,,
1895-01-01T00:00:00,78.85164835164835,50.55528846153846,5.053571428571429,55.27960164835151,624.3044274300921,485.7023602484475,485.7023602484475,18.553788587464922,130.91206735266604,43.07915057915058,150.63320463320463,32.295366795366796,-23.66454630495791,35.56110038610031,-1.1277027027027071,-1.0202702702702768,-3.3418558736426567,3385.4153743315505,3385.4153743315505,9.993002028397555,16.139787644787646,3.4881852198316143,-3.4520833333333423,-5.743788819875768,-5.826156941649889,-8.193135245901589,-8.019824753559648,-10.764822546972818,16.657794676806084,197.4296577946768,1377.6133828996283,-10.384624553039284,33.21212121212121,171.66666666666666,8.56910569105691,10.988372093023257,,,,,
1896-01-01T00:00:00,84.45664379288833,54.524329382407984,5.766063630692452,58.27738615096691,687.5359075706908,526.5554022988503,526.5554022988503,12.906917164816397,123.28437233134073,36.521038495971354,151.87555953446733,31.961504028648164,-20.436891545687466,35.84145031333928,-1.1237213403880084,-1.18503937007874,-3.579211469534055,3339.172082379858,3339.172082379858,10.661110065851366,16.554333034914944,4.498992314261323,-3.2645776566757636,-5.624501424501406,-5.882793709528201,-8.153550863723575,-7.867996011964059,-10.702752293577959,16.970588235294116,183.46732026143792,1386.2324840764331,-10.34334398296054,44.05825242718446,291.8543689320388,6.679180887372014,9.189655172413794,,,,,
1897-01-01T00:00:00,79.3218161050828,51.15790976584809,5.586521987435751,58.742832667047466,650.2342753217677,511.79256965944205,511.79256965944205,14.713414634146341,118.43216463414635,36.44059795436664,154.96066089693156,33.54602675059009,-21.390701219512188,36.31652242328875,-1.0208234362628663,-1.2664576802507814,-3.783546325878594,3286.7313513513564,3286.7313513513564,10.628194675540751,16.610456333595593,4.388231707317075,-3.21195741195742,-5.713793103448257,-6.2162733930024325,-8.629991645781097,-8.091904761904724,-11.33143607705776,15.948387096774194,168.60645161290321,1240.6730158730159,-10.544612286001957,56.37735849056604,343.7358490566038,7.317073170731708,9.658730158730158,41357.0,,,,
1898-01-01T00:00:00,81.84607046070461,54.03658536585366,6.034959349593496,62.523035230352214,702.4916887241917,540.635568760611,540.635568760611,11.67383761276891,120.54059680777237,31.835014409221902,150.51945244956772,31.681556195965417,-20.141845940319214,36.0141210374639,-1.0256428571428573,-0.9691428571428556,-3.3454413892908885,3112.272643253236,3112.272643253236,10.797111448066708,16.64695244956771,4.7346842470506605,-3.3585223116313085,-5.60068807339448,-5.651987996999239,-8.1644933228594,-8.203957996768992,-10.840700583819812,13.28688524590164,186.01639344262296,1136.4959785522788,-10.6933220625528,42.80689655172414,246.11724137931034,6.60702875399361,11.298387096774194,49761.0,,,,
1899-01-01T00:00:00,82.69428208386277,54.10724269377383,5.391867852604828,52.94218551461256,670.1064710308509,497.67758186398004,497.67758186398004,17.733200266134396,123.05788423153693,38.6662078458362,155.01445285615966,33.24363386097729,-26.49620758483033,35.98169304886434,-1.18428277282086,-1.093419267299859,-3.435497237569056,3493.1657730116153,3491.7239713774575,10.29569052783803,16.406366139022747,4.060918163672652,-3.676950354609921,-5.966220238095228,-6.168828451882843,-8.594978783592664,-8.295953307392995,-11.21396688264935,14.23728813559322,177.6129943502825,1191.2555555555555,-10.783907125700521,51.32592592592592,334.3851851851852,7.3559322033898304,10.653543307086615,52116.0,,,,
1900-01-01T00:00:00,86.83504918782887,56.32372454815832,5.822466254861587,54.805971173644494,700.0900806090453,572.874274193548,572.874274193548,12.861360718870346,120.01091142490372,32.3406374501992,161.41235059760956,36.43559096945551,-20.651347881899888,36.153054448871146,-1.2114819759679503,-1.0749502982107297,-3.431625084288604,3206.803900414939,3206.803900414939,11.076241184767266,17.171932270916304,4.83906290115533,-3.469315825846577,-5.817950635751659,-5.8824054982817655,-8.603991596638686,-8.068446601941734,-11.575657894736809,13.02247191011236,168.28764044943821,1054.6013363028953,-10.607005253940411,42.01315789473684,270.5921052631579,8.23671497584541,11.67379679144385,42992.0,2.0,,,
1901-01-01T00:00:00,77.81888053467001,53.07000835421888,7.559732664995823,67.54857142857124,773.1311561933023,544.8610332749564,544.8610332749564,13.462059620596206,126.20392953929539,37.025107604017215,151.7338593974175,38.28981348637016,-21.507181571815753,37.56728837876614,-1.0817802503477019,-0.9547038327526127,-3.3444365698086442,3204.9971625107455,3204.9971625107455,10.57706451612904,16.728486370157814,4.198739837398373,-3.361212976022568,-5.865429403202302,-5.922384784198952,-8.662490508731997,-8.130007616146223,-11.408980582524258,13.340264650283554,157.08317580340264,1019.9719101123595,-10.751203852327405,44.371929824561406,289.53333333333336,7.599022004889975,12.64,37573.0,,,,
1902-01-01T00:00:00,77.23167926388433,51.9392047321722,7.50640814985212,65.95972724285258,763.3857003416298,466.8703789636505,467.57699457784673,13.34125,119.1475,35.16831683168317,149.71881188118812,30.1973597359736,-20.603062500000007,35.07458745874586,-1.1025161290322536,-1.0099422706863315,-3.407296416938109,3301.8774693877567,3303.341503267976,10.542787003610105,16.657940594059397,4.246418749999998,-3.2912292358804014,-5.672175732217551,-5.890681971640775,-8.404711673699031,-8.136052439912628,-10.98694673668413,10.61576354679803,150.935960591133,809.8248772504091,-10.613234142521515,39.59744408945687,255.54313099041534,8.266666666666667,15.31407942238267,37617.0,,,,
1903-01-01T00:00:00,87.1164416203336,60.21826846703733,8.9890389197776,72.27221604447985,897.1277742946695,441.7735252808994,441.7735252808994,12.725891291642315,119.60841613091759,32.91722054380665,150.60906344410876,26.686404833836857,-20.526066627703084,34.95643504531715,-1.10746812386156,-1.1507831325301145,-3.5513812154696054,3156.4355605048236,3156.4355605048236,10.604043109079038,16.693250755287036,4.339023962594978,-3.4639899623588435,-5.853212199870208,-6.045351758793969,-8.36829268292685,-8.183298969072187,-10.759225352112635,11.295379537953796,144.9141914191419,872.6231647634584,-10.43616541353379,37.87164179104477,245.90149253731343,6.943907156673114,14.873720136518772,31342.0,2.0,,,
1904-01-01T00:00:00,79.776509462301,54.38525082607389,7.615800540702914,68.5458395914688,783.986960365404,449.34260752688135,449.34260752688135,16.59887323943662,126.9143661971831,38.64041690793283,155.76201505500867,27.390272148233933,-21.286140845070374,34.99530978575567,-1.192752776154287,-1.1743140688849887,-3.408059701492536,3418.2251388888903,3418.2251388888903,10.248874999999998,16.583752171395464,3.828230985915494,-3.328380836870829,-5.507966857871239,-5.621844059405938,-7.965844155844196,-7.835187760778866,-10.540569877883268,13.071074380165289,141.0909090909091,1000.1601307189543,-10.628582259287281,38.81609195402299,222.76436781609195,6.441237113402062,15.157051282051283,24474.0,,,,
1905-01-01T00:00:00,82.95175820982273,56.472101133391455,7.545480964835804,68.37092414995652,802.0926254108889,511.88102595797307,511.88102595797307,15.604984093319194,122.69883351007424,34.93841961852861,159.94277929155314,30.022888283378748,-23.344697773064674,35.46561307901897,-1.037852794687321,-0.9854575163398618,-3.413913525498892,3331.9509483322427,3331.9509483322427,10.641519721577726,16.820119891008172,4.375318133616124,-3.3984693877550884,-5.846827794561929,-6.030530474040631,-8.659051474840991,-8.099197860962597,-11.239582089552258,11.766457680250785,143.21943573667713,886.7145061728395,-10.652203647416371,40.89473684210526,254.96783625730995,5.671506352087114,15.659763313609467,,,,,
1906-01-01T00:00:00,87.32939669891861,60.72054638588503,8.799089356858282,72.81653386454175,890.3174824191284,526.641903584672,526.641903584672,11.09467149508536,116.45576823590274,31.04962243797195,160.28155339805826,29.41208198489752,-18.93181583031558,35.04692556634303,-1.376650563607068,-1.0004841312533546,-3.2927112092766344,3119.015011820335,3119.015011820335,11.136870317002872,17.1482524271845,4.981013967925509,-3.5700991189427262,-5.772664359861583,-5.799712808730602,-8.61653495440734,-8.017792932424086,-11.38555555555555,11.207692307692307,149.95384615384614,855.7294832826748,-10.462271805273776,37.564516129032256,249.18010752688173,6.969072164948454,15.871559633027523,31954.0,,,,
1907-01-01T00:00:00,80.18916003775111,54.75421329378455,7.613590400431441,67.5617500337063,790.1106714628315,479.3930043722681,479.3930043722681,12.273295158771473,121.61166059344092,29.431147540983606,151.72896174863388,27.788524590163934,-19.653201457574184,34.99327868852458,-0.9995019369120015,-0.9820175438596416,-3.2475270039795303,3187.2515907673073,3187.138639200995,10.786547137073462,16.851748633879804,4.485075481520043,-3.342028985507239,-5.573629081947,-5.586157517899762,-8.043274111675155,-7.738149898717112,-10.696174496644264,11.425373134328359,133.6089552238806,859.3032544378698,-10.187278582930684,35.50387596899225,238.1266149870801,6.752921535893155,15.792134831460674,30441.0,,,,
1908-01-01T00:00:00,78.83324755532682,53.08247555326814,7.539114770972723,70.1683993823985,776.4519289340117,536.283747044918,536.283747044918,10.175976272862085,118.53188334157193,27.217098445595855,166.26891191709845,33.49896373056995,-18.412506178942124,35.729326424870365,-1.1381969775924852,-1.0888024883359138,-3.433619763694939,3068.5070260448188,3068.89527272727,11.368253178551699,17.708476683937793,4.910187839841824,-3.46430502974579,-5.699066511085173,-5.8237354085603155,-8.151260997067505,-7.935196950444772,-10.592161820480362,11.453407510431154,140.0778859527121,908.0041493775933,-10.29285714285707,35.45023696682465,248.6563981042654,7.388083735909823,17.181286549707604,23685.0,5.0,,,
1909-01-01T00:00:00,87.57003915624605,59.750663129973475,8.148162182644942,67.82446633825916,847.2239256965935,496.5730598669627,496.5730598669627,13.837078651685394,121.38810861423221,34.83414872798434,159.39774951076322,32.161937377690805,-20.819288389513076,35.69955968688846,-1.305242528172447,-1.0082023575638424,-3.511963654719832,3119.906964892412,3119.906964892412,10.804911825726135,17.033674168297452,4.448778089887641,-3.5204285002491167,-5.769171384457029,-5.977950310559002,-8.27454642475992,-8.166612554112609,-10.871918964547033,13.759084791386272,159.87752355316286,1077.172642762284,-10.93269896193771,42.20190023752969,244.9334916864608,7.071547420965058,15.82620320855615,29603.0,1.0,,,
1910-01-01T00:00:00,84.08597883597884,57.31830206830207,8.036676286676286,71.50373977873967,838.4261405379806,528.6274581589947,528.6274581589947,12.240849525530953,116.99231812019883,30.744935543278086,169.70303867403314,35.78406998158379,-20.12982376863984,35.98996316758733,-1.1926701570680485,-0.9950307619498242,-3.4778633301251087,3100.416622127202,3100.416622127202,11.308533464566926,17.831602209944727,4.669064618165391,-3.5492789656887056,-5.769206180074587,-5.98382642998029,-8.410984455958607,-7.817633410672898,-11.181291390728527,10.927519818799547,137.70101925254812,856.4983164983165,-10.279808306709207,39.49583333333333,287.83958333333334,6.781789638932496,13.313186813186814,63921.5,,,,
1911-01-01T00:00:00,83.51563585823489,56.21994440583739,7.73442205235117,70.81835765577955,810.0589817262364,593.5360997963343,593.685022924096,12.472649572649573,119.46752136752137,28.839664310954063,163.06051236749116,43.49469964664311,-19.641581196581182,37.432111307420605,-1.2348858038513018,-0.9777084262148777,-3.23138586956521,3079.796286472154,3079.796286472154,11.419455143259727,17.70709805653712,4.905867521367518,-3.5418282548476303,-5.85652811735942,-5.7687558465855835,-8.210830500242917,-8.042803837953144,-10.677380952381009,11.738197424892704,144.62124463519314,912.7807486631016,-10.464525810324144,32.20654396728016,206.98977505112475,7.174358974358975,15.060773480662984,61712.5,3.0,,,
1912-01-01T00:00:00,81.44054644808743,54.725573770491806,7.34,63.745267759562886,775.9186672454954,497.05983763132775,497.05983763132775,18.075339645944833,127.59324825030878,36.20170212765957,151.26723404255318,31.49021276595745,-23.494030465212,35.722638297872315,-1.001393121462761,-0.87872248597323,-3.3196923076922924,3399.481124694377,3399.481124694377,10.31659709618876,16.566587234042498,3.86463565253191,-3.3595281306714946,-5.531351351351352,-5.806342780026998,-8.348096564531213,-7.773695652173968,-11.024003887269274,11.452905811623246,160.58517034068137,928.6033966033966,-10.25355421686744,36.97445972495088,220.49901768172887,7.243464052287582,14.979651162790697,74266.5,,,,
1913-01-01T00:00:00,80.02364654635967,53.73532462144783,7.595623314665008,68.78366521468585,787.5038742916033,550.6607768829942,550.6607768829942,13.452610441767069,116.07791164658634,29.823650597445408,160.05397610218375,40.0922950144211,-19.244297188755045,36.70589204779562,-1.13582089552237,-1.016701992369632,-3.4395389299695296,3202.1949543488718,3201.5811538461553,11.231148262208553,17.64009888751541,4.704931726907645,-3.3198469846984495,-5.531317073170726,-6.086854034451496,-8.701525262154508,-7.781095890411024,-11.406408952187235,11.469835466179159,142.41133455210237,888.3872727272727,-10.425497752087292,29.403314917127073,202.14917127071823,7.873744619799139,13.046575342465754,93879.66666666667,,,,
1914-01-01T00:00:00,77.95065428029167,51.986215163320345,7.451303566077315,64.94163420237759,764.9812015118389,548.0541629364361,548.0541629364361,15.976071015052103,119.89695098417599,34.65560821484992,162.8609794628752,38.82424960505529,-21.27977614820537,36.49178515007907,-1.4771302250803615,-1.0099431818181643,-3.2704242928452367,3099.60129809921,3099.60129809921,10.902033755274259,17.3178672985782,4.392084137398677,-3.5787339677285748,-5.819150779896032,-5.786692844677147,-8.318695452457591,-8.013247470101275,-10.73166098392602,11.725106382978723,139.37106382978723,898.4267569856054,-10.671554683668496,32.575,199.06785714285715,7.486171761280931,13.455525606469003,64256.5,,,,
1915-01-01T00:00:00,83.10317382332711,54.82224624152501,7.034293013658249,64.58954505256959,760.2614958179363,451.62216078264544,451.62216078264544,11.42214790040877,122.63507989594946,31.59247889485802,153.89754412893322,28.129316960859555,-19.813192121887802,34.793284727551715,-1.0872755659640716,-1.0914553257900688,-3.2617765273311727,3238.4374945438685,3238.4374945438685,10.62489562013918,16.88381811204912,4.328075065031592,-3.416552832462817,-5.7016115351993335,-5.59011455239711,-7.966820064427146,-7.932632071061338,-10.645789208270338,11.189034369885434,142.22585924713584,857.7844897959184,-10.3991507430998,37.25182481751825,224.4470802919708,7.288922155688622,13.599022004889976,98273.0,,,,
1916-01-01T00:00:00,89.79594941523249,61.32366644480365,8.559950556242274,69.89367690406006,885.0966987360852,487.72966841186735,487.72966841186735,20.230337078651687,128.76254681647941,41.19846153846154,155.21730769230768,34.975,-22.241760299625422,35.890576923076935,-1.1921660791225792,-1.0049096622152207,-3.3684252597921516,3396.6006869901275,3396.6056701030957,10.058730290456445,16.576561538461508,3.5953520599250908,-3.5367428800641565,-6.00678676162548,-5.822152950955955,-8.393307426597676,-8.358789497107358,-11.280800727934588,15.003881987577639,162.40993788819875,1209.0649651972158,-10.904484732824509,39.28695652173913,245.47826086956522,7.331838565022421,12.620525059665871,74225.0,,,,
1917-01-01T00:00:00,91.87030749830245,63.3626927927054,8.819381123290329,67.78355805606753,907.3568870921191,445.12272533105505,445.12272533105505,22.78158379373849,136.56132596685083,42.19908987485779,148.98407281001138,31.235494880546074,-24.115506445672324,36.43359878649975,-1.241273494438028,-0.94206106870227,-3.308046421663417,3624.617117117109,3624.617117117109,9.396455954323013,15.949711793704937,2.7961841620626116,-3.5962085308056686,-6.06878068739773,-5.7240456513183835,-8.345924132364946,-8.351506151888104,-11.092782644973001,14.85209003215434,164.306270096463,1175.7804295942722,-10.873799910273776,43.6280276816609,249.94809688581316,8.00732064421669,13.789893617021276,65837.0,,20931.0,,
1918-01-01T00:00:00,78.66653585794172,52.829392720494454,6.932306484842539,64.59395663690802,742.247792182474,489.62008830022046,489.62008830022046,18.3252688172043,122.26190476190476,36.61642743221691,156.27631578947367,35.3018341307815,-24.112480798771223,37.13480861244019,-0.993929712460046,-0.9260973663208145,-3.2379100850546605,3487.976046612002,3487.976046612002,10.422500000000019,16.915490430621986,3.906866359447007,-3.172008196721293,-5.56652154984763,-5.619675540765394,-8.106652360515115,-7.900977039570185,-10.832694877505693,12.968388589051658,172.5242868157286,1045.6209800918837,-10.561837455830398,36.7439446366782,275.3702422145329,8.620578778135048,12.411290322580646,56174.4,,22238.3,,
1919-01-01T00:00:00,78.6861928833383,53.06561601744474,7.386163147982952,65.755585290911,763.8911027816118,524.183193647993,524.3914386584289,16.654446177847113,126.16107644305772,36.8483525208416,153.90512107979356,34.94481937276697,-22.27968018720748,36.17844382691531,-1.233903133903111,-1.0351941747572624,-3.32231337161606,3248.9522637362647,3248.9522637362647,10.348119948957892,16.650420801905526,4.118124024961004,-3.6531782301620126,-5.955699481865294,-5.6854262914741724,-8.132835820895634,-8.226512050932312,-10.660603248259932,12.104229607250755,151.43655589123867,933.4293233082707,-10.698691860465212,37.14907872696818,193.2897822445561,8.470059880239521,13.915966386554622,56896.142857142855,,18353.075,,
1920-01-01T00:00:00,83.47283041401273,57.21387340764331,8.086285828025478,67.93964968152892,827.4624050508011,455.459126637555,455.459126637555,14.496484375,125.02265625,36.69197311190194,151.74891261368128,28.038355081059706,-19.720820312500003,35.190510083036784,-1.11711934156377,-0.9593094944512777,-3.3677487352445024,3528.9292574477477,3528.9292574477477,10.196244171259004,16.379248714907067,4.103652343750005,-3.5193396226414886,-5.938858195211788,-5.892686170212762,-8.239402560455279,-8.192736318408011,-10.832825203252066,12.422137404580152,152.98931297709925,968.5576631259484,-10.375549450549457,32.933673469387756,236.66496598639455,8.475862068965517,12.852941176470589,57901.5,,19144.18,,
1921-01-01T00:00:00,84.40396445659603,58.77697490479446,8.820720632750708,72.80706962210743,886.2717186437366,551.5246455379479,551.5246455379479,11.678731343283582,115.5865671641791,30.044798785117692,165.583523158694,38.84244495064541,-17.41417910447761,36.15410022779051,-1.0291964996022083,-1.0364029909484298,-3.2764705882352776,3098.1332484076424,3098.1332484076424,11.293272800645672,17.766211085801075,4.9343805970149175,-3.288640132669965,-5.7837434094903415,-5.683095450490633,-8.222650602409718,-8.333653384541604,-10.80000000000004,11.11039886039886,146.18304843304844,851.0745209368347,-10.839114391143932,26.463455149501662,179.50996677740864,7.864285714285714,15.721448467966574,55992.857142857145,,15713.100000000002,,
1922-01-01T00:00:00,80.46201610555933,54.708159503250215,7.557000097021442,65.54594935480783,786.3404816733852,521.0498142798191,521.0498142798191,17.15180196578085,122.87186021113942,37.67965530161109,161.9955039340577,35.76732858748595,-20.631416090280297,35.90011240164861,-1.0845048543689109,-1.0103579588727931,-3.2722200546234608,3343.7473247615126,3343.7473247615126,10.498066320415495,16.948089171974516,4.181769202766656,-3.2881654381654224,-5.621826086956524,-5.826478873239448,-8.339584217225411,-7.85372439478592,-11.097123287671318,11.95581237253569,147.22161794697485,938.0418918918919,-10.31269521410584,34.423529411764704,200.50252100840336,8.50358422939068,12.966494845360824,44335.5,,15816.766666666668,,
1923-01-01T00:00:00,82.82989837591414,56.16421312565296,7.673568240098775,65.9611074176091,800.7432434961593,470.17548780487823,470.17548780487823,14.80367231638418,124.1034604519774,32.41580118694362,151.9873887240356,29.91913946587537,-20.064018361581983,35.64413946587542,-0.9375283446711835,-1.1472470238095025,-3.4384527439024177,3381.2380681818186,3381.2380681818186,10.365469483568091,16.763364243323416,4.05608757062147,-3.285504950495024,-5.666751809280556,-6.1043529877325025,-8.707131011608746,-7.930606617647154,-11.39069359086928,11.730566534914361,157.87549407114625,934.9528795811518,-10.674960296453222,28.942724458204335,184.09133126934984,8.329787234042554,13.642317380352646,61417.0,,13918.533333333333,,
1924-01-01T00:00:00,84.18727615457117,57.74552309142319,8.315834118755891,66.74679547596635,848.0764071076384,433.6435947970044,433.6435947970044,18.729972375690608,130.79454419889504,40.407460545193686,151.22202295552367,31.498206599713058,-23.356871546961315,35.734325681492095,-0.9871179039301105,-1.02475605348751,-3.352658788773979,3407.8907502977368,3407.8907502977368,9.751943597560969,16.289522955523665,3.324868784530384,-3.400186081131357,-5.870472136222926,-5.778226415094366,-8.125136399064827,-8.317841140529614,-10.66393376413582,13.323909035033804,165.43884449907804,1049.5781818181817,-10.813353370545364,35.82738095238095,208.23065476190476,8.298747763864043,12.81527093596059,74448.18181818182,,17256.6,,
1925-01-01T00:00:00,81.58104292168674,55.0675828313253,7.563441265060241,65.9729480421691,788.3860031536968,533.4181017986991,533.4181017986991,13.464346062859073,123.83507941872254,33.197902097902094,154.05804195804197,39.83216783216783,-19.708989523487634,36.95825174825185,-1.1209867715409143,-0.9995734091716804,-3.4150720354635906,3278.722734436564,3280.5877760252365,10.70521241226451,17.125076923076936,4.316093274754978,-3.2793283582089243,-5.712645914396897,-5.874253879824925,-8.62417860151654,-8.093568209750192,-11.643288288288383,10.281599059376838,122.96766607877719,773.8959537572255,-10.645335085414024,30.406976744186046,164.81976744186048,8.08,14.41891891891892,63378.692307692305,,15596.900000000001,,
1926-01-01T00:00:00,83.52617079889806,56.28310376492195,7.601836547291093,66.58046831955926,803.8663768115932,489.93742559523656,489.93742559523656,13.325727513227513,126.40707671957672,37.36800818553888,152.93110504774899,35.455661664392906,-19.36742724867724,36.53611869031377,-1.1274667599719859,-1.043593314763209,-3.406290672451168,3384.1614864864923,3384.3899661781347,10.359479204339992,16.7015313778991,4.071822089947086,-3.4008636200071747,-5.839771428571447,-5.851380368098176,-8.27211106574123,-8.09628000000009,-10.715734265734383,12.66933181039406,157.37064534551683,1011.4314269850083,-10.527141645462352,37.82993197278912,210.22448979591837,8.345697329376854,16.26429980276134,77914.91666666667,,14052.066666666666,,
1927-01-01T00:00:00,82.93238369996394,56.05787955283087,7.898305084745763,68.13260007212428,821.6959732739382,472.6846210995543,472.6846210995543,16.284046692607003,117.62354085603113,36.0057354925776,157.14237516869096,31.937246963562753,-21.17282749675749,35.41167341430495,-0.9955938037865532,-0.9635395189003227,-3.4329320113314314,3331.474999999995,3331.474999999995,10.493590387374457,16.773768556005408,4.2551070038910535,-3.4937809187278863,-5.789117647058841,-5.964206642066441,-8.41242807825097,-8.155857580398282,-10.883192940232766,11.4920724801812,154.55209513023783,934.4315673289183,-10.77011400651479,32.155216284987276,216.58142493638678,9.746099290780142,16.6600790513834,57005.769230769234,,18094.466666666667,,
1928-01-01T00:00:00,81.27691087014017,54.78735784184078,7.574010402891651,67.89159834259053,794.4104195804198,478.32197879858785,478.32197879858785,12.269351793580869,122.85556954059156,30.250576226539348,155.78136318735594,32.659532433322354,-19.703492762743956,35.43895291405985,-1.0032863849765024,-0.9804536357571516,-3.323079549334218,3317.927242401781,3317.927242401781,10.688082901554427,17.022713203819528,4.305767778477042,-3.24925321292114,-5.659422436134792,-5.640725096796911,-8.062597402597511,-7.9732982171800035,-10.68649592549489,9.215288611544462,131.42173686947478,724.6685537828101,-10.409491059147287,25.371270718232044,177.42983425414366,10.2911227154047,14.405109489051094,54284.9,,14438.266666666668,,
1929-01-01T00:00:00,81.49544360385144,54.79178129298487,7.7639270976616235,68.83850584594268,808.2559652558961,500.7909058988776,500.7909058988776,19.841844630145467,125.79696688331786,42.301423027166884,154.14327296248382,34.8137128072445,-22.12624574435155,35.8692755498058,-1.1247521480502043,-0.9222477817942613,-3.3547858099062635,3412.225205283829,3412.1828571428587,10.022395372575707,16.43094760672704,3.6342308882698795,-3.4089853091902844,-5.883774124374571,-5.98604410751208,-8.463659605551635,-8.258614161302656,-10.985543100116097,13.588934850051706,160.52843846949327,1052.8858889454916,-10.738288469264868,35.848203939745076,209.64774044032444,10.531450577663671,14.788167938931299,40262.416666666664,,16307.566666666666,,
1930-01-01T00:00:00,80.95467445742905,53.95125208681135,7.219949916527546,67.6077629382305,775.0485532407413,540.3949818421929,540.3949818421929,15.729972997299729,120.88418841884189,36.45438011518642,160.19490754774174,38.99090633525311,-22.564356435643596,37.254349802970516,-1.0557371794871528,-1.0138994910941217,-3.252050781249975,3295.401039501038,3295.857142857141,10.779855398457613,17.229042133979984,4.348010801080106,-3.3122523117569243,-5.578054775280908,-5.638409929553859,-7.962649753347558,-7.8566836534693465,-10.55180945347134,10.052360916316035,140.14913510986443,757.0074005550416,-10.456170955080792,26.6298828125,157.025390625,9.943627450980392,13.97253634894992,46924.22222222222,,15368.125,,
1931-01-01T00:00:00,86.0555688814264,57.91644678979771,7.955944670984249,69.06846565923094,836.1025300442703,590.2707995003141,590.2707995003141,10.005691519635743,115.28258394991462,26.933064050778995,163.06289671090593,45.032313906520486,-16.79593056346044,37.25354875937694,-1.0047396320548543,-0.9822919841511478,-3.2069142125479932,3195.3494907702097,3194.5463865011143,11.46766087221711,17.88392383150604,5.083315310187822,-3.309569536423815,-5.710530111792307,-5.562909213634833,-7.890752688172192,-8.037292257803122,-10.414754731556739,9.049112670243499,130.7536112257532,722.972368955709,-10.585406698564684,24.1343669250646,168.4814814814815,10.893939393939394,15.576323987538942,57055.46153846154,,18045.4,,
1932-01-01T00:00:00,83.60360431258361,55.72511214291335,7.380105453686944,65.26555441882452,787.6194399319252,504.8188882063898,504.8188882063898,16.977914453452613,122.10763209393346,38.81184173071449,160.3230856817535,35.14659834898947,-20.628711210511597,36.013777398235206,-0.9778897451096323,-0.9625405246094646,-3.219577677224725,3187.136916898358,3187.136916898358,10.462243858597962,16.878283518360373,4.17454850433324,-3.2615525672371346,-5.778548695098679,-5.699623942337854,-8.359010484928042,-8.219485791610428,-10.904574243490677,11.593206631621513,149.39911039223614,931.3835125448029,-10.74000721500734,27.1750212404418,179.58283772302465,9.841463414634147,14.177978883861236,57478.71428571428,2.0,14527.525,,
1933-01-01T00:00:00,84.07065217391305,56.34308022045315,8.093845682792407,69.63860992039233,834.2332548244939,567.4871947587852,567.4871947587852,16.879296346414073,122.6129905277402,34.03211393465512,161.2636135157777,42.84166433956995,-23.30246278755066,37.2583635855907,-1.0805991855729804,-1.0332476435303932,-3.3263953488371825,3371.0017900485545,3371.0017900485545,10.7348662790698,17.258815973191844,4.262151556156961,-3.3825260576333114,-5.734050880626251,-5.871812481337746,-8.400460971112635,-8.020887181278502,-10.91623686723989,12.726806158705093,144.6506119226214,1052.371150097466,-10.584117425668161,24.499178981937604,170.33497536945814,11.403125,15.467791411042946,39306.4,9.0,16407.433333333334,,
1934-01-01T00:00:00,83.68328820697954,55.91689229843562,8.029632972322503,67.95379813477741,820.5994997760207,590.1445163187298,590.1445163187298,13.91217672413793,116.30818965517241,32.70835623969214,168.46206706981857,44.105002748763056,-19.750781249999946,37.64925783397476,-1.2346631974558937,-1.0970196759259,-3.354076993028159,3155.3987570287068,3155.3987570287068,11.268846264782221,17.854760857614085,4.722949892241392,-3.3171315949059683,-5.63883812010446,-5.817385705086949,-8.332946001367182,-7.985214959804409,-10.966352087114489,9.785442073170731,128.7092225609756,739.3051874290041,-10.519977212305525,21.857371794871796,149.14823717948718,11.173737373737374,14.11353711790393,56428.6,8.0,17295.850000000002,,
1935-01-01T00:00:00,83.66739212007505,55.12705440900563,7.0851031894934335,62.657140712945925,765.8874488505362,513.9820965842166,513.9820965842166,16.559358288770053,124.5620320855615,38.180377152227386,151.27001913091007,34.31975949713036,-22.0567647058824,36.43033615741993,-1.1432818753573193,-0.9896930442128746,-3.3630849220103745,3293.563018192672,3293.6852326969065,10.231809824763,16.4582235583492,4.031871657754003,-3.4264445754716535,-5.71007127362878,-5.887586000598305,-8.325038544557657,-8.067399868680383,-10.964789185709842,11.883844116534242,155.49413545213773,940.8782051282051,-10.62275449101815,28.648671096345517,191.0531561461794,12.18521897810219,14.734138972809667,35164.444444444445,,13131.800000000001,,
1936-01-01T00:00:00,85.66109802241736,55.59934318555008,7.580209895052474,64.24956807310653,795.0931652383296,591.6465315443916,591.6465315443916,23.72296947749612,129.3629073978272,44.63441712926249,159.0996563573883,45.118424530795664,-23.146766683911046,38.11313772138524,-1.253099286889728,-1.2114121510673046,-3.5176387714848953,3554.3251908397087,3554.3251908397087,10.03818181818181,16.547808617499324,3.6010320744956004,-3.5491248206599346,-5.9536929206252225,-6.054595695171638,-8.629748352306928,-8.218073923363988,-11.394935917474388,14.128034455755678,161.83829287392325,1090.613167121153,-10.536130974783754,33.0062893081761,231.37893081761007,11.356730769230769,14.518571428571429,59639.09090909091,54.0,15868.475000000002,,
1937-01-01T00:00:00,84.85090350938394,54.85732226330845,7.511616549222075,66.7281587943909,792.3639430388471,528.9321118881131,528.9321118881131,20.482991495747875,126.71535767883942,45.090814737934615,151.10768033212247,38.232226258432796,-20.963331665832918,36.15238713025416,-1.1371594816185984,-0.9370399788191415,-3.176952277657236,3572.0146327356906,3572.0146327356906,9.865935290918967,16.047996886351857,3.7365107553776884,-3.3355567805953292,-5.607186322805027,-5.657251478456802,-8.137577731714725,-7.838609332113616,-10.612627226463308,12.476712328767123,152.57103718199608,1006.4910990712075,-10.215478952602146,29.136295180722893,193.46912650602408,12.945970695970695,14.864357864357864,44705.5,,12298.619999999999,,
1938-01-01T00:00:00,83.76703849816352,53.970208134947626,7.225819616378724,64.20442796898419,769.8649197356013,516.6214379427975,516.6214379427975,15.597549255165786,118.23041806823643,36.50208999262355,160.07794443078436,35.19596754364397,-19.410716001922097,35.63506269977871,-1.0770263424518502,-1.0177211998991365,-3.2653350854138963,3390.0429033998985,3390.0429033998985,10.606551189245096,16.92762478485368,4.379228736184543,-3.4824387701927737,-5.971436314363189,-5.753485143015852,-8.250935672514796,-8.31207687894449,-10.856986899563505,11.01103081019399,136.91441612780525,867.7045712126936,-10.859975101151727,24.147646219686163,180.70328102710414,13.704680851063829,17.06518723994452,41555.22222222222,,16098.125,,
1939-01-01T00:00:00,87.86455906821963,57.10136439267887,7.579434276206323,67.1023760399333,810.7547472094569,538.5608992169733,538.5608992169733,16.69932667750174,126.69421871372185,36.73632538569425,159.77021972884526,39.61781206171108,-20.095681448804317,36.57914913510974,-1.091736556487401,-1.1152025378233128,-3.456801609253171,3375.2615005192097,3375.670051948051,10.406263546798055,16.993667601683015,3.92173670768516,-3.384957353321223,-5.6327438518928235,-5.813196093956246,-8.311499436302308,-7.907572115384795,-10.907880434782758,11.111893293812523,134.9492404594294,855.1932526585992,-10.378166226913127,26.121776504297994,179.16332378223495,12.11082910321489,16.053947368421053,50232.913043478264,,16133.25,,
1940-01-01T00:00:00,83.34230693652977,53.4552302351477,7.421104342699941,65.11806510774912,778.1332488793556,485.200844091361,485.200844091361,20.89786654561961,126.4135270086246,47.65910652920962,154.8,34.43436426116838,-22.237085792101592,36.18792668957626,-1.131898613103764,-1.0070442646358615,-3.3958934245905334,3531.9473462301603,3531.9473462301603,9.800771463119705,16.087143184421524,3.5734248751702227,-3.4368705477769095,-5.95277634961445,-5.9224142312579895,-8.51018201002389,-8.509546079780067,-11.036149471974184,12.641120117907148,146.9008843036109,965.8363702623907,-10.811817102137912,40.28602305475504,221.04178674351584,12.931232091690545,14.052884615384615,38929.269230769234,,15655.533333333333,,
1941-01-01T00:00:00,86.07771954493161,55.40170011504538,7.287229962929822,67.61970471686087,786.6802463676557,545.0815725413814,545.0815725413814,16.200630488628686,121.92389101553704,38.8796992481203,153.87787650945546,36.79152426520847,-17.982458905651878,36.296719070403235,-1.0941993663173097,-1.0547796773416613,-3.287732997481075,3440.2032592592673,3440.702741417642,10.49013626583795,16.65304397357029,4.318124296329662,-3.2969289340101087,-5.670144374829805,-5.774859437751041,-8.381332948644161,-8.017988626160038,-10.902904434728494,10.162840746054519,119.4103299856528,764.238078291815,-10.571747211896104,28.29088471849866,163.52613941018768,13.160963244613434,15.04767309875142,34101.69696969697,,16598.625,,
1942-01-01T00:00:00,89.54467310829465,59.16645752290124,8.382544861337683,70.36986447484058,870.5103126748314,506.66949557733716,506.66949557733716,18.79651291105716,127.30059589494593,41.49667405764967,158.98669623059868,33.25365853658536,-22.43242109909519,35.60583148558763,-1.113393493231997,-0.8980177238805656,-3.155212077641962,3376.2321703561215,3377.803033221002,10.148591549295789,16.510496674057617,3.8637938644890695,-3.280549256739684,-5.664182757682925,-5.509933283914066,-8.010809426229722,-8.041488426604328,-10.587299893276597,12.072335920959775,151.4516584333098,950.2408579465541,-10.603787396562925,33.918353576248315,197.81983805668017,17.073508005822415,14.160873882820258,36301.166666666664,,16354.681818181822,,
1943-01-01T00:00:00,84.96539940196497,55.6909135290169,7.432599011411485,64.82983462500833,791.6849996975716,528.4896692233949,528.4896692233949,19.644492911668483,127.9856052344602,38.8569234145271,157.07614658766732,38.10906298003072,-22.61485278080696,35.75005486065393,-1.0251578209024819,-1.035016211208873,-3.338011834319505,3483.673126054471,3483.673126054471,10.148769841269798,16.727419354838688,3.7008636859323945,-3.2322990471536612,-5.700517196793429,-5.81204701273267,-8.472729566095026,-8.147859495060565,-11.283411949685702,11.022156084656086,145.66104497354496,876.252056597565,-10.684383318544988,26.361574382921948,185.8432288192128,17.037610619469028,14.648230088495575,34177.967741935485,,17663.816666666666,,
1944-01-01T00:00:00,82.95442615127655,54.22053209257934,7.400381770460511,63.487759484610315,777.6687356186251,526.8760643115929,526.8760643115929,16.206272363712902,126.04251736476532,38.71455616323097,158.09991586032814,37.10454354228018,-18.945548305619873,35.98201514514102,-0.9784379923474859,-1.0281208053691135,-3.3065161740749,3423.1917983271323,3423.3407157796833,10.404814732638147,16.72421119057632,4.077535255735643,-3.180297310051877,-5.611483967188709,-5.693811154598892,-8.124048983845947,-7.874460143961811,-10.730038546255694,11.60029197080292,146.68817518248176,916.0014488554042,-10.411423550088129,29.28676470588235,176.0601604278075,18.22695035460993,16.238888888888887,37876.09090909091,,16546.71176470588,,
1945-01-01T00:00:00,88.12200153238639,57.57541109212,8.036305770024164,66.78438734013123,836.9334341554238,533.1126668174637,533.1126668174637,18.6173017507724,122.36498455200824,41.28307045215563,159.2597266035752,36.21472134595163,-19.375901132852682,35.51327024185079,-1.1085860838536932,-0.8750224820143568,-3.2134746760894863,3341.5431326981234,3343.329162790704,10.389042154049893,16.703566771819098,4.0125684860967965,-3.4038568129329785,-5.643121248499456,-5.772477522477576,-8.36475431606924,-7.920840764331414,-11.038156785614104,12.408723281340265,134.94078567302137,961.1027259684362,-10.461231687466304,34.28341497550735,204.32820153953813,23.70818995182381,17.858299595141702,40158.4375,,17205.15,,
1946-01-01T00:00:00,86.08143435511856,56.54268363215731,8.007113938692886,69.46581839213452,833.362650464291,514.4696216454021,514.4696216454021,17.24929350020186,117.24485264432782,34.4331407346265,163.34750309533635,33.13413124226166,-18.62323375050469,35.48291374329366,-0.9693472933838025,-0.9638279192273704,-3.3480637813211405,3296.1704409483723,3296.1704409483723,10.797769846420064,17.19167973586462,4.276423092450564,-3.292653917910418,-5.744917140737132,-5.814053792100861,-8.254258594151045,-8.157707614752102,-10.920148433205222,10.102081551183348,137.65526090675792,847.1332013574661,-10.655498721227815,24.272486772486772,181.21560846560845,22.633496846531184,15.111224489795918,40005.083333333336,,18555.531578947368,,
1947-01-01T00:00:00,91.9328596802842,60.099407933688575,8.02048549437537,66.11991711071691,858.9534035703798,557.9524400871447,557.9524400871447,17.798130469371518,125.09188544152745,42.82989482200647,157.42799352750808,36.164037216828476,-20.317840095465364,35.9058252427185,-1.0576527260783772,-1.0568821129482437,-3.3125968563205275,3410.3086831639457,3410.3086831639457,10.32232568027211,16.454607605178012,4.016422036595061,-3.232338653712668,-5.5806823883593015,-5.7202190780466005,-8.169536266349752,-8.036386003280656,-10.676852766798646,12.529611980939414,149.4128658951668,987.8315931289997,-10.555149299207987,38.171581769437,219.00871313672923,17.686641011544804,13.66358839050132,40794.709677419356,,16235.354545454546,,
1948-01-01T00:00:00,88.51268804995742,57.65359068975305,7.690661368152143,64.52908884473516,820.8862294532067,537.0540073449984,537.0540073449984,20.904516640253565,119.46176703645008,42.803318009194484,158.2806316210274,35.84649210473716,-20.69827654516636,35.41798920647618,-1.2670019680734943,-1.024871134020611,-3.3424999999999616,3430.5314150304735,3430.5887133182905,10.390597172399243,16.621063361982756,4.091043977812995,-3.537321225879647,-5.679343398035034,-5.919433660653162,-8.614549763033274,-7.94763374485615,-11.26484336151182,12.171763506625892,150.23776758409787,990.2037317196167,-10.441610360360567,29.190031152647975,207.0311526479751,17.571321508868348,15.035439137134052,40882.470588235294,,4955.209090909091,208.0,28.62105263157895
1949-01-01T00:00:00,90.45122073243947,58.76560936561937,7.650190114068441,65.56021112667652,833.3849081493082,558.9684689706432,558.9684689706432,18.366211962224554,116.50349772647779,37.279761904761905,161.95360644257704,35.37464985994398,-19.14695697796433,35.439268207283284,-1.1308997331300212,-1.0435708898944271,-3.405347073692363,3359.162900976293,3358.2051420568246,10.78618899082566,17.02021883753508,4.466135012242038,-3.4065030919608645,-5.677370689655241,-5.972261448456777,-8.505757382621706,-8.001961259080089,-11.16503750852484,9.565989847715736,127.69737234995522,778.3798012753967,-10.377871300570439,27.531494522691705,194.4882629107981,22.656934306569344,16.5939777522056,35575.04347826087,,2950.5750000000003,207.48076923076923,30.356363636363643
1950-01-01T00:00:00,,,,68.04369098292534,916.4206796162846,,,,,,,,,,,,,,,,16.480639719392023,4.081283075386908,,,,,,,,,843.2298437283916,,,,,,,,,,
1951-01-01T00:00:00,,,,63.63449558344989,822.8347952419934,,,,,,,,,,,,,,,,16.7146757164404,4.491385632702123,,,,,,,,,959.0948905109489,,,,,,,,,,
1952-01-01T00:00:00,,,,63.60608123038893,824.518764609119,,,,,,,,,,,,,,,,17.213097949886112,4.858307142857149,,,,,,,,,768.8207124010554,,,,,,,,,,
1953-01-01T00:00:00,,,,65.37478494860919,820.9658084091952,,,,,,,,,,,,,,,,17.868867562380075,5.48040715268226,,,,,,,,,618.1671254423909,,,,,,,,,,
1954-01-01T00:00:00,,,,68.63097926415739,847.8172172888392,,,,,,,,,,,,,,,,17.43717538953255,5.208150033489628,,,,,,,,,694.9539732994278,,,,,,,,,,
1955-01-01T00:00:00,,,,71.80138164865515,896.0254466882819,,,,,,,,,,,,,,,,17.09613371339725,4.8492177754677765,,,,,,,,,851.523247140726,,,,,,,,,,
1956-01-01T00:00:00,,,,68.3647475941256,914.4199464690118,,,,,,,,,,,,,,,,17.105969465648823,4.7415580591473585,,,,,,,,,835.4555026322387,,,,,,,,,,
1957-01-01T00:00:00,,,,63.76205512332455,865.5149515984662,,,,,,,,,,,,,,,,17.335367203838043,5.492661587613649,,,,,,,,,685.6375864719447,,,,,,,,,,
1958-01-01T00:00:00,,,,65.8746383083974,896.0485785818081,,,,,,,,,,,,,,,,17.183344848123788,5.392683043738757,,,,,,,,,818.6385220754969,,,,,,,,,,
1959-01-01T00:00:00,,,,66.8326299475452,871.4764253658567,,,,,,,,,,,,,,,,17.4147019400353,5.25351828057468,,,,,,,,,781.6397538925163,,,,,,,,,,
1960-01-01T00:00:00,,,,63.82281623283259,847.2584605428439,,,,,,,,,,,,,,,,16.944310227272712,4.970285617137026,,,,,,,,,944.7571373703751,,,,,,,,,,
1961-01-01T00:00:00,,,,65.44087651495427,882.6715697117183,,,,,,,,,,,,,,,,17.589685747539995,5.529537761793983,,,,,,,,,805.4485021044813,,,,,,,,,,
1962-01-01T00:00:00,,,,62.39011907012013,829.4122297097176,,,,,,,,,,,,,,,,17.517298573334696,5.320415898381462,,,,,,,,,796.2308462694041,,,,,,,,,,
1963-01-01T00:00:00,,,,64.37255678035172,814.2954864738338,,,,,,,,,,,,,,,,17.71745714002577,5.350401268205679,,,,,,,,,741.0288677830542,,,,,,,,,,
1964-01-01T00:00:00,,,,65.9104809604477,857.7492801612442,,,,,,,,,,,,,,,,17.50932490291739,5.260812207972941,,,,,,,,,916.2165364255104,,,,,,,,,,
1965-01-01T00:00:00,,,,60.8406505832059,793.9158068759477,,,,,,,,,,,,,,,,17.390896167515155,5.304745438914878,,,,,,,,,898.7652610934052,,,,,,,,,,
1966-01-01T00:00:00,,,,63.084192329625814,819.9574433713776,,,,,,,,,,,,,,,,17.40466255374835,5.231206976961122,,,,,,,,,922.129782711384,,,,,,,,,,
1967-01-01T00:00:00,,,,65.72045668467797,859.690632470463,,,,,,,,,,,,,,,,17.68890760169326,5.493018695014672,,,,,,,,,978.1884498480243,,,,,,,,,,
1968-01-01T00:00:00,,,,64.203137186629,835.0965997541999,,,,,,,,,,,,,,,,17.32472983185342,5.260475876366397,,,,,,,,,892.4232064878353,,,,,,,,,,
1969-01-01T00:00:00,,,,65.05934134648749,837.6882649584262,,,,,,,,,,,,,,,,16.97870260047274,5.062017975402081,,,,,,,,,985.9172297297297,,,,,,,,,,
1970-01-01T00:00:00,,,,64.0855896541101,844.7610298792071,,,,,,,,,,,,,,,,17.445478449444277,5.260175786532053,,,,,,,,,972.2203785644051,,,,,,,,,,
1971-01-01T00:00:00,,,,61.25652814618312,834.0938623727308,,,,,,,,,,,,,,,,17.64898474866893,5.370507987793931,,,,,,,,,1210.8596967081742,,,,,,,,,,
1972-01-01T00:00:00,,,,60.94776414425827,835.4417369492465,,,,,,,,,,,,,,,,17.51661604219717,5.478850335205643,,,,,,,,,1106.3613434727504,,,,,,,,,,
1973-01-01T00:00:00,,,,64.83684190677295,931.1375037103036,,,,,,,,,,,,,,,,17.81537099494095,5.988048140863526,,,,,,,,,911.4044647809206,,,,,,,,,,
1974-01-01T00:00:00,,,,67.39270070236334,943.9692304884271,,,,,,,,,,,,,,,,17.731051961051993,5.6379666575567065,,,,,,,,,898.0850413749205,,,,,,,,,,
1975-01-01T00:00:00,,,,62.078704612364305,882.1575234085819,,,,,,,,,,,,,,,,17.62435786043993,5.569337694194602,,,,,,,,,1156.5159615883726,,,,,,,,,,
1976-01-01T00:00:00,,,,61.67371549079701,846.0267639992626,,,,,,,,,,,,,,,,17.63204752367087,5.185452960073411,,,,,,,,,914.8770928462709,,,,,,,,,,
1977-01-01T00:00:00,,,,62.18100868351568,844.2940897373703,,,,,,,,,,,,,,,,18.0754345663381,5.92175271863287,,,,,,,,,988.691259021652,,,,,,,,,,
1978-01-01T00:00:00,,,,62.716875486381085,870.6497739416338,,,,,,,,,,,,,,,,17.381087232499034,5.457383752986566,,,,,,,,,1130.84190286284,,,,,,,,,,
1979-01-01T00:00:00,,,,61.21059302504125,851.0082673832198,,,,,,,,,,,,,,,,17.517603905160428,5.493456117271162,,,,,,,,,980.7462601510186,,,,,,,,,,
1980-01-01T00:00:00,,,,60.89224703825925,819.2557146605571,,,,,,,,,,,,,,,,17.78526150143487,5.642805566002248,,,,,,,,,920.8379156470419,,,,,,,,,,
1981-01-01T00:00:00,,,,62.506632963356076,886.5492086068595,,,,,,,,,,,,,,,,18.142523254763784,6.112058608727416,,,,,,,,,706.5325578285867,,,,,,,,,,
1982-01-01T00:00:00,,,,59.52093888258033,818.4310064078397,,,,,,,,,,,,,,,,18.0058509943049,5.678281542493462,,,,,,,,,1080.0061868115286,,,,,,,,,,
1983-01-01T00:00:00,,,,62.29487041658586,947.7684440366868,,,,,,,,,,,,,,,,18.03785356068201,6.015545354388574,,,,,,,,,990.1825873362445,,,,,,,,,,
1984-01-01T00:00:00,,,,58.99376779626958,869.3254099616813,,,,,,,,,,,,,,,,17.61532821425236,5.59615925503609,,,,,,,,,929.759125104486,,,,,,,,,,
1985-01-01T00:00:00,,,,58.57672672056389,843.5643147308268,,,,,,,,,,,,,,,,17.075021334367747,4.955308763956139,,,,,,,,,1157.789008212255,,,,,,,,,,
1986-01-01T00:00:00,,,,58.87334831086622,852.6451719603111,,,,,,,,,,,,,,,,17.595476190476212,5.602046701925946,,,,,,,,,817.923186142269,,,,,,,,,,
1987-01-01T00:00:00,,,,59.34308463204269,834.2205798864567,,,,,,,,,,,,,,,,17.559569530046126,5.469144432411145,,,,,,,,,883.1816140350877,,,,,,,,,,
1988-01-01T00:00:00,,,,61.712365567988634,871.2186118038221,,,,,,,,,,,,,,,,17.501725942436238,5.2461864996520635,,,,,,,,,900.2453661501064,,,,,,,,,,
1989-01-01T00:00:00,,,,61.82492919062698,881.7184460844594,,,,,,,,,,,,,,,,17.131021918861865,5.01683097895882,,,,,,,,,885.0010390959865,,,,,,,,,,
1990-01-01T00:00:00,,,,62.841409672521095,890.3948866697037,,,,,,,,,,,,,,,,17.473271361140537,5.5277090032154295,,,,,,,,,860.9292649098475,,,,,,,,,,
1991-01-01T00:00:00,,,,61.842596810933436,863.5077927530738,,,,,,,,,,,,,,,,17.40101385917597,5.521912237932712,,,,,,,,,804.0256061355765,,,,,,,,,,
1992-01-01T00:00:00,,,,60.622742763665414,901.3305490502222,,,,,,,,,,,,,,,,17.1311023845572,5.480138556618819,,,,,,,,,770.2778883141,,,,,,,,,,
1993-01-01T00:00:00,,,,61.304859135541705,883.9259495060302,,,,,,,,,,,,,,,,17.154893383818333,5.323951822240661,,,,,,,,,926.9011457500666,,,,,,,,,,
1994-01-01T00:00:00,,,,59.10500911576972,822.0332309177866,,,,,,,,,,,,,,,,17.662242230612787,5.410983263598319,,,,,,,,,908.8106382978723,,,,,,,,,,
1995-01-01T00:00:00,,,,64.59368184733687,910.9289952828084,,,,,,,,,,,,,,,,17.519609191072515,5.391615729024737,,,,,,,,,883.5002087101711,,,,,,,,,,
1996-01-01T00:00:00,,,,65.46161863038891,924.6295098782476,,,,,,,,,,,,,,,,16.983974728235662,4.777963086927429,,,,,,,,,991.0313993174061,,,,,,,,,,
1997-01-01T00:00:00,,,,63.451492393605584,876.3204092971595,,,,,,,,,,,,,,,,17.321498380379534,5.2028813720819285,,,,,,,,,851.1055734190783,,,,,,,,,,
1998-01-01T00:00:00,,,,64.59605594693264,912.6379645145399,,,,,,,,,,,,,,,,17.711537889353824,5.830514712930114,,,,,,,,,606.7906826687315,,,,,,,,,,
1999-01-01T00:00:00,,,,61.29553782810016,847.3923347015467,,,,,,,,,,,,,,,,17.7368614818224,5.245570162903713,,,,,,,,,709.8111269985701,,,,,,,,,,
2000-01-01T00:00:00,,,,59.427904635761045,824.0093896953613,,,,,,,,,,,,,,,,17.496788974078104,5.216431965032308,,,,,,,,,838.3947918117254,,,,,,,,,,
2001-01-01T00:00:00,,,,57.694628391235355,780.8164104976987,,,,,,,,,,,,,,,,17.631238810019006,5.3780283541451634,,,,,,,,,692.9070857457954,,,,,,,,,,
2002-01-01T00:00:00,,,,56.34378868498191,734.6261679292944,,,,,,,,,,,,,,,,17.59521837010365,5.255328830096618,,,,,,,,,708.1043140518796,,,,,,,,,,
2003-01-01T00:00:00,,,,58.18032705921085,789.2395398805157,,,,,,,,,,,,,,,,17.577192442882204,5.261279830461628,,,,,,,,,812.7450187698528,,,,,,,,,,
2004-01-01T00:00:00,,,,61.68601568540766,849.9209242416296,,,,,,,,,,,,,,,,17.341156426079937,5.2983282051281995,,,,,,,,,716.2900939985539,,,,,,,,,,
2005-01-01T00:00:00,,,,61.099585486343855,784.77731361075,,,,,,,,,,,,,,,,17.770339492529487,5.502414777962019,,,,,,,,,780.4186365716029,,,,,,,,,,
2006-01-01T00:00:00,,,,56.90553238810099,784.7143352909766,,,,,,,,,,,,,,,,17.944834239607033,5.599376947040501,,,,,,,,,633.3051109238978,,,,,,,,,,
2007-01-01T00:00:00,,,,62.301490599062504,829.4702449646225,,,,,,,,,,,,,,,,17.864903351658132,5.55220578597509,,,,,,,,,795.6678091973722,,,,,,,,,,
2008-01-01T00:00:00,,,,64.82158160403819,874.3793842034818,,,,,,,,,,,,,,,,17.25861131254535,4.985902029924697,,,,,,,,,877.7316197587593,,,,,,,,,,
2009-01-01T00:00:00,,,,61.3447008406128,877.074087552741,,,,,,,,,,,,,,,,17.255281346920682,5.0693796433878004,,,,,,,,,785.3433725237559,,,,,,,,,,
2010-01-01T00:00:00,,,,68.26844937403867,918.1351349928945,,,,,,,,,,,,,,,,17.102941381716505,5.077308042212521,,,,,,,,,757.1360364330836,,,,,,,,,,
