elevation,mindate,maxdate,latitude,name,datacoverage,id,elevationUnit,longitude
222.0,1879-01-01,2020-10-19,36.72,"TIZI OUZOU, AG",0.5094,GHCND:AGE00147708,METERS,4.05
83.0,1878-01-01,2020-10-19,35.1,"NEMOURS GHAZAOUET, AG",0.5214,GHCND:AGE00147716,METERS,-1.85
125.0,1880-01-01,2020-10-20,34.85,"BISKRA, AG",0.7064,GHCND:AGE00147718,METERS,5.72
3.0,1877-01-01,2020-10-22,-28.7769,"GERALDTON TOWN, AS",0.7429,GHCND:ASN00008050,METERS,114.605
3.0,1877-02-01,2020-10-22,-35.0289,"ALBANY, AS",0.9816,GHCND:ASN00009500,METERS,117.8808
4.0,1877-01-01,2020-10-16,-33.6611,"BUSSELTON SHIRE, AS",0.8844,GHCND:ASN00009515,METERS,115.3456
12.0,1877-01-01,2012-11-30,-32.6272,"PINJARRA, AS",0.8661,GHCND:ASN00009596,METERS,115.8747
170.0,1877-01-01,2020-10-22,-31.6508,"NORTHAM, AS",0.9816,GHCND:ASN00010111,METERS,116.6586
140.0,1877-01-01,2019-11-01,-31.5453,"TOODYAY, AS",0.8833,GHCND:ASN00010125,METERS,116.4594
93.1,1878-01-01,2020-10-22,-31.6797,"EUCLA, AS",0.7505,GHCND:ASN00011003,METERS,128.8792
211.8,1873-07-01,2013-03-31,-16.253,"DALY WATERS, AS",0.8104,GHCND:ASN00014618,METERS,133.37
106.9,1873-07-01,2020-10-15,-14.4589,"KATHERINE COUNCIL, AS",0.868,GHCND:ASN00014902,METERS,132.2572
189.0,1874-05-01,2019-04-30,-13.8241,"PINE CREEK, AS",0.8244,GHCND:ASN00014933,METERS,131.8372
510.5,1874-08-01,2016-09-30,-21.5317,"BARROW CREEK, AS",0.8818,GHCND:ASN00015525,METERS,133.8901
134.0,1879-12-01,2020-08-07,-31.6611,"WOOMERA OAKDEN HILLS, AS",0.9422,GHCND:ASN00016033,METERS,137.0382
260.0,1877-11-01,2020-10-17,-32.3792,"YARDEA, AS",0.9573,GHCND:ASN00016055,METERS,135.5247
230.0,1872-03-01,2015-04-17,-30.8246,"BELTANA STATION, AS",0.6763,GHCND:ASN00017012,METERS,138.3822
615.7,1874-02-01,2020-10-18,-31.0939,"BLINMAN, AS",0.932,GHCND:ASN00017014,METERS,138.6786
91.0,1879-12-01,2020-10-09,-30.066,"MARREE FARINA, AS",0.8456,GHCND:ASN00017024,METERS,138.2739
74.0,1874-02-01,2010-02-28,-28.9062,"WILLIAM CREEK, AS",0.4383,GHCND:ASN00017053,METERS,136.3386
255.0,1875-11-01,2020-08-31,-31.1278,"BLINMAN WIRREALPA, AS",0.9356,GHCND:ASN00017054,METERS,138.9618
135.0,1877-11-01,2020-08-31,-30.4132,"GAMMON RANGES WOOLTANA, AS",0.8301,GHCND:ASN00017056,METERS,139.4198
75.0,1878-01-01,2020-10-22,-34.3853,"COULTA, AS",0.8786,GHCND:ASN00018019,METERS,135.4697
8.0,1877-11-01,2019-06-30,-33.9534,"SHERINGA LAKE HAMILTON, AS",0.8729,GHCND:ASN00018045,METERS,135.2682
13.0,1878-01-01,2020-10-22,-32.7963,"STREAKY BAY, AS",0.985,GHCND:ASN00018079,METERS,134.2116
45.0,1876-12-01,2020-08-31,-34.2617,"TUMBY BAY WARRATTA VALE, AS",0.9626,GHCND:ASN00018091,METERS,136.2092
428.0,1878-01-01,2020-09-09,-32.8247,"ORROROO BLACK ROCK, AS",0.9542,GHCND:ASN00019005,METERS,138.6907
495.0,1868-02-01,2020-09-30,-31.8777,"HAWKER HOLOWILENA, AS",0.9112,GHCND:ASN00019018,METERS,138.8372
386.0,1862-12-01,2020-10-08,-32.8294,"MELROSE, AS",0.9753,GHCND:ASN00019024,METERS,138.1907
428.0,1868-02-01,2020-10-21,-32.7335,"ORROROO, AS",0.9332,GHCND:ASN00019032,METERS,138.6135
490.0,1872-02-01,2020-08-31,-31.775,"HAWKER WARCOWIE, AS",0.8968,GHCND:ASN00019046,METERS,138.6529
330.0,1879-01-01,2020-10-21,-32.6521,"WILMINGTON, AS",0.9919,GHCND:ASN00019048,METERS,138.1003
330.0,1878-01-01,2020-10-17,-33.0338,"WIRRABARA, AS",0.9699,GHCND:ASN00019052,METERS,138.2686
380.0,1879-01-01,2020-10-08,-33.0856,"WIRRABARA FOREST, AS",0.9563,GHCND:ASN00019053,METERS,138.2211
270.0,1878-01-01,2013-12-10,-33.7321,"BRINKWORTH ANAMA PARK, AS",0.9742,GHCND:ASN00021000,METERS,138.4922
310.0,1865-01-01,2020-10-19,-34.026,"AUBURN, AS",0.8732,GHCND:ASN00021001,METERS,138.6846
368.0,1860-01-01,2020-10-09,-33.7459,"BRINKWORTH BUNGAREE, AS",0.9406,GHCND:ASN00021010,METERS,138.5628
382.0,1878-01-01,2020-10-19,-33.1851,"CALTOWIE, AS",0.9539,GHCND:ASN00021013,METERS,138.4968
103.0,1879-01-01,2020-08-31,-33.7045,"SNOWTOWN CONDOWIE, AS",0.7739,GHCND:ASN00021015,METERS,138.2927
273.0,1874-02-01,2020-10-17,-33.359,"GEORGETOWN, AS",0.9401,GHCND:ASN00021020,METERS,138.393
226.0,1878-01-01,2020-09-30,-33.2705,"GLADSTONE, AS",0.9626,GHCND:ASN00021021,METERS,138.357
455.0,1878-01-01,2020-10-08,-33.2036,"JAMESTOWN, AS",0.9773,GHCND:ASN00021027,METERS,138.6059
248.0,1876-01-01,2020-10-21,-33.1851,"LAURA, AS",0.9479,GHCND:ASN00021031,METERS,138.3001
4.0,1878-01-01,2012-08-31,-33.1708,"PORT PIRIE NYRSTAR COMPARISON, AS",0.9669,GHCND:ASN00021043,METERS,138.0104
4.0,1874-02-01,2020-10-17,-34.1848,"PORT WAKEFIELD, AS",0.9626,GHCND:ASN00021044,METERS,138.1478
518.0,1878-01-01,2020-05-31,-33.2296,"WHYTE YARCOWIE, AS",0.95,GHCND:ASN00021055,METERS,138.8844
185.0,1879-01-01,2020-10-22,-34.3745,"MAITLAND, AS",0.9636,GHCND:ASN00022008,METERS,137.6733
20.0,1873-11-01,2020-10-19,-34.0672,"MOONTA, AS",0.9552,GHCND:ASN00022011,METERS,137.5925
10.0,1879-01-01,2020-10-17,-34.4951,"PORT VICTORIA, AS",0.9318,GHCND:ASN00022013,METERS,137.4836
5.0,1879-01-01,2020-10-19,-34.9122,"STANSBURY, AS",0.9612,GHCND:ASN00022017,METERS,137.7977
53.0,1861-01-01,2020-10-22,-34.9906,"WAROOKA, AS",0.992,GHCND:ASN00022018,METERS,137.3995
10.0,1864-03-01,2020-10-17,-33.9323,"WALLAROO, AS",0.9302,GHCND:ASN00022020,METERS,137.6282
118.0,1869-12-01,2020-10-17,-34.1447,"PORT CLINTON YARAROO, AS",0.9406,GHCND:ASN00022022,METERS,138.0146
20.0,1878-01-01,2020-10-16,-35.6569,"KINGSCOTE, AS",0.8809,GHCND:ASN00022807,METERS,137.6364
40.0,1839-01-01,2020-10-22,-34.9254,"ADELAIDE WEST TERRACE, AS",0.9983,GHCND:ASN00023000,METERS,138.5869
32.0,1874-02-01,2020-10-17,-34.7674,"ADELAIDE SALISBURY BOWLING CL, AS",0.9259,GHCND:ASN00023023,METERS,138.6434
21.0,1878-01-01,2020-09-30,-34.8321,"ADELAIDE POORAKA, AS",0.9529,GHCND:ASN00023026,METERS,138.6124
49.0,1864-03-01,2018-08-13,-34.5915,"GAWLER COUNCIL DEPOT, AS",0.5729,GHCND:ASN00023078,METERS,138.7393
245.0,1866-12-01,2020-10-19,-34.3412,"KAPUNDA, AS",0.992,GHCND:ASN00023307,METERS,138.9155
265.0,1876-01-01,2020-10-17,-34.158,"RIVERTON, AS",0.9382,GHCND:ASN00023314,METERS,138.7483
325.0,1874-02-01,2019-05-20,-34.0844,"SADDLEWORTH, AS",0.9837,GHCND:ASN00023315,METERS,138.7815
250.0,1870-02-01,2020-10-18,-34.5169,"TANUNDA, AS",0.9846,GHCND:ASN00023318,METERS,138.9598
190.0,1868-02-01,2020-10-17,-35.1087,"CLARENDON, AS",0.9259,GHCND:ASN00023710,METERS,138.6256
5.0,1870-02-01,2020-10-08,-35.4987,"GOOLWA COUNCIL DEPOT, AS",0.8892,GHCND:ASN00023718,METERS,138.7638
339.0,1870-02-01,2017-04-21,-34.8237,"GUMERACHA, AS",0.9489,GHCND:ASN00023719,METERS,138.8859
170.0,1864-03-01,2020-10-17,-35.0608,"HAPPY VALLEY RESERVOIR, AS",0.9759,GHCND:ASN00023721,METERS,138.5647
195.0,1874-12-01,2020-07-31,-35.0739,"KANMANTOO, AS",0.9401,GHCND:ASN00023724,METERS,139.0036
360.0,1870-02-01,2020-10-22,-35.0639,"MOUNT BARKER, AS",0.9845,GHCND:ASN00023733,METERS,138.8509
430.0,1876-01-01,2020-09-30,-34.7735,"MOUNT PLEASANT, AS",0.9358,GHCND:ASN00023737,METERS,139.0501
15.0,1870-02-01,2020-09-30,-35.4519,"NORMANVILLE, AS",0.8891,GHCND:ASN00023741,METERS,138.3227
10.0,1868-02-01,2020-09-30,-35.5299,"PORT ELLIOT CARAVAN PARK, AS",0.9406,GHCND:ASN00023742,METERS,138.6896
70.0,1864-11-01,2020-09-30,-35.256,"STRATHALBYN, AS",0.9547,GHCND:ASN00023747,METERS,138.8901
104.0,1865-01-01,2020-10-19,-35.2705,"WILLUNGA, AS",0.9471,GHCND:ASN00023753,METERS,138.5591
59.0,1878-01-01,2017-11-30,-34.1479,"OVERLAND CORNER, AS",0.8973,GHCND:ASN00024012,METERS,140.3256
40.0,1878-01-01,2017-02-06,-34.9145,"MANNUM COUNCIL DEPOT, AS",0.9548,GHCND:ASN00024517,METERS,139.301
3.0,1865-01-01,2020-10-22,-35.6902,"MENINGIE, AS",0.9105,GHCND:ASN00024518,METERS,139.3375
7.0,1875-03-01,2020-10-08,-36.8309,"KINGSTON SE, AS",0.9552,GHCND:ASN00026012,METERS,139.8526
30.0,1880-01-01,2020-10-09,-36.9731,"LUCINDALE POST OFFICE, AS",0.9511,GHCND:ASN00026016,METERS,140.3664
20.0,1878-01-01,2020-10-12,-37.5872,"MILLICENT, AS",0.956,GHCND:ASN00026018,METERS,140.3426
65.0,1861-01-01,2020-10-20,-37.8333,"MOUNT GAMBIER POST OFFICE, AS",0.977,GHCND:ASN00026020,METERS,140.7833
62.0,1870-02-01,2020-08-31,-37.3803,"PENOLA POST OFFICE, AS",0.9332,GHCND:ASN00026025,METERS,140.8379
3.3,1860-08-01,2020-10-22,-37.1628,"ROBE COMPARISON, AS",0.9829,GHCND:ASN00026026,METERS,139.756
462.0,1873-05-01,2020-04-30,-18.1472,"MOUNT SURPRISE TOWNSHIP, AS",0.8966,GHCND:ASN00030036,METERS,144.3183
4.5,1874-08-01,2020-10-22,-18.2553,"CARDWELL MARINE PDE, AS",0.9463,GHCND:ASN00032004,METERS,146.0197
195.0,1871-07-01,2020-08-31,-21.6889,"NEBO, AS",0.8933,GHCND:ASN00033054,METERS,148.6881
247.0,1871-06-01,2020-09-30,-20.0997,"RAVENSWOOD POST OFFICE, AS",0.8773,GHCND:ASN00033062,METERS,146.8892
17.8,1872-04-01,2020-07-31,-22.3458,"ST LAWRENCE POST OFFICE, AS",0.9671,GHCND:ASN00033065,METERS,149.5356
260.0,1871-04-01,2018-10-17,-22.8239,"CLERMONT SIRIUS ST, AS",0.9993,GHCND:ASN00035019,METERS,147.6425
317.0,1878-04-01,2020-10-12,-24.5608,"GILLESPIE, AS",0.7268,GHCND:ASN00035049,METERS,145.7869
344.5,1865-04-01,2020-10-22,-24.123,"SPRINGSURE COMET ST, AS",0.9615,GHCND:ASN00035065,METERS,148.0856
395.1,1877-07-01,2020-10-22,-24.8819,"TAMBO POST OFFICE, AS",0.9843,GHCND:ASN00035069,METERS,146.2564
199.0,1873-05-01,2020-10-22,-25.6408,"TAROOM POST OFFICE, AS",0.9539,GHCND:ASN00035070,METERS,149.7958
338.0,1877-04-01,2016-09-21,-25.2011,"LISTOWEL DOWNS, AS",0.8235,GHCND:ASN00036137,METERS,145.2269
152.0,1871-04-01,2014-03-31,-24.4719,"BANANA POST OFFICE, AS",0.9256,GHCND:ASN00039003,METERS,150.1292
352.0,1873-05-01,2020-09-22,-25.0303,"CAMBOON STATION, AS",0.9463,GHCND:ASN00039022,METERS,150.4342
105.7,1873-08-01,2012-03-22,-25.6258,"GAYNDAH POST OFFICE, AS",0.9333,GHCND:ASN00039039,METERS,151.6094
64.5,1873-07-01,2020-10-22,-26.1831,"GYMPIE, AS",0.9467,GHCND:ASN00040093,METERS,152.6414
155.0,1871-08-01,2020-08-31,-27.5504,"HELIDON POST OFFICE, AS",0.9274,GHCND:ASN00040096,METERS,152.1246
10.3,1878-10-01,2020-10-21,-25.5161,"MARYBOROUGH, AS",0.9918,GHCND:ASN00040126,METERS,152.7156
370.0,1872-04-01,2015-12-31,-27.7233,"CONDAMINE PLAINS, AS",0.7726,GHCND:ASN00041019,METERS,151.2869
787.0,1873-03-01,2020-10-22,-28.6617,"STANTHORPE LESLIE PARADE, AS",0.9236,GHCND:ASN00041095,METERS,151.9339
218.0,1873-07-01,2020-08-31,-27.1383,"BEECHAL, AS",0.9212,GHCND:ASN00044004,METERS,144.7392
188.7,1879-12-01,2020-10-22,-28.0706,"CUNNAMULLA POST OFFICE, AS",0.9842,GHCND:ASN00044026,METERS,145.6808
138.0,1880-01-01,2020-01-26,-28.0911,"DYNEVOR DOWNS, AS",0.8235,GHCND:ASN00044031,METERS,144.3586
83.0,1879-08-01,2020-09-30,-31.4469,"WILCANNIA MOUNT MURCHISON, AS",0.9385,GHCND:ASN00046022,METERS,143.6548
130.0,1876-01-01,2014-09-30,-31.0225,"WHITE CLIFFS TARELLA, AS",0.5868,GHCND:ASN00046034,METERS,143.0378
75.0,1879-01-01,2020-08-31,-31.5631,"WILCANNIA REID ST, AS",0.9885,GHCND:ASN00046043,METERS,143.3747
64.0,1876-01-01,2020-04-30,-32.5277,"GUM LAKE ALBEMARLE, AS",0.9274,GHCND:ASN00047000,METERS,143.3698
61.0,1876-01-01,2020-10-22,-32.3937,"MENINDEE POST OFFICE, AS",0.9701,GHCND:ASN00047019,METERS,142.4173
48.0,1878-01-01,2020-09-30,-33.4268,"POONCARIE TARCOOLA, AS",0.971,GHCND:ASN00047033,METERS,142.5719
37.0,1868-12-01,2020-10-17,-34.1065,"WENTWORTH POST OFFICE, AS",0.9825,GHCND:ASN00047053,METERS,141.9189
42.0,1880-01-01,2020-10-17,-33.7492,"WENTWORTH BURTUNDY, AS",0.4917,GHCND:ASN00047093,METERS,142.2205
143.0,1872-03-01,2020-07-31,-29.0299,"GOODOOGA BRENDA, AS",0.8659,GHCND:ASN00048014,METERS,147.3128
115.0,1872-03-01,2020-10-22,-29.9614,"BREWARRINA HOSPITAL, AS",0.9283,GHCND:ASN00048015,METERS,146.8651
61.0,1879-01-01,2020-10-21,-34.6398,"BALRANALD RSL, AS",0.994,GHCND:ASN00049002,METERS,143.561
77.0,1873-01-01,2019-12-02,-33.4021,"HATFIELD CLARE, AS",0.9674,GHCND:ASN00049008,METERS,143.9375
81.0,1876-01-01,2020-10-17,-33.7272,"HATFIELD BENILKIE, AS",0.9078,GHCND:ASN00049049,METERS,144.0175
180.0,1878-01-01,2010-10-09,-30.9753,"COONAMBLE COMPARISON, AS",0.98,GHCND:ASN00051010,METERS,148.3806
186.0,1878-01-01,2016-07-31,-31.457,"WARREN HADDON RIG, AS",0.9756,GHCND:ASN00051025,METERS,147.8824
173.0,1879-01-01,2019-10-25,-31.5495,"NYNGAN AIRPORT, AS",0.9678,GHCND:ASN00051039,METERS,147.1961
133.0,1878-08-01,2020-05-31,-30.0236,"WALGETT COUNCIL DEPOT, AS",0.8351,GHCND:ASN00052026,METERS,148.1218
320.0,1878-07-01,2020-10-22,-29.5416,"WARIALDA POST OFFICE, AS",0.9982,GHCND:ASN00054029,METERS,150.5754
213.0,1870-10-01,2012-06-30,-30.3222,"NARRABRI BOWLING CLUB, AS",0.9448,GHCND:ASN00054120,METERS,149.782
819.0,1879-03-01,2015-05-31,-30.8855,"BENDEMEER CAROLINE ST, AS",0.9615,GHCND:ASN00055004,METERS,151.1533
285.0,1876-12-01,2020-03-31,-30.9841,"GUNNEDAH POOL, AS",0.9733,GHCND:ASN00055023,METERS,150.254
442.0,1873-08-01,2016-06-20,-31.3038,"GOONOO GOONOO STATION, AS",0.9786,GHCND:ASN00055067,METERS,150.9069
1018.0,1865-03-01,2020-10-22,-30.7338,"URALLA SALISBURY COURT, AS",0.9741,GHCND:ASN00056028,METERS,151.5105
735.0,1872-11-01,2020-10-19,-29.4558,"EMMAVILLE STRATHBOGIE, AS",0.9913,GHCND:ASN00056029,METERS,151.4791
838.0,1870-09-01,2020-10-22,-29.0479,"TENTERFIELD FEDERATION PARK, AS",0.9949,GHCND:ASN00056032,METERS,152.0172
870.0,1868-08-01,2020-08-31,-28.5417,"MARYLAND, AS",0.8975,GHCND:ASN00056207,METERS,151.9909
27.4,1877-05-01,2020-10-22,-29.4333,"YAMBA PILOT STATION, AS",0.9982,GHCND:ASN00058012,METERS,153.3633
26.0,1858-02-01,2012-07-31,-28.8755,"CASINO AIRPORT, AS",0.8922,GHCND:ASN00058063,METERS,153.0493
20.0,1841-01-01,2010-07-31,-31.4399,"PORT MACQUARIE BELLEVUE GARDE, AS",0.8403,GHCND:ASN00060026,METERS,152.911
40.0,1863-05-01,2020-10-19,-32.6385,"BRANXTON DALWOOD VINEYARD, AS",0.8317,GHCND:ASN00061014,METERS,151.4173
466.0,1870-10-01,2019-10-09,-31.7651,"MURRURUNDI POST OFFICE, AS",0.9811,GHCND:ASN00061051,METERS,150.8363
143.0,1870-09-01,2012-12-31,-32.2611,"MUSWELLBROOK LOWER HILL ST, AS",0.8776,GHCND:ASN00061053,METERS,150.8847
33.0,1862-01-01,2020-10-22,-32.9185,"NEWCASTLE NOBBYS SIGNAL STATIO, AS",0.9827,GHCND:ASN00061055,METERS,151.7985
395.0,1870-09-01,2015-10-21,-32.0051,"CASSILIS POST OFFICE, AS",0.9449,GHCND:ASN00062005,METERS,149.9815
420.0,1874-01-01,2020-10-22,-31.9963,"CASSILIS DALKEITH, AS",0.9376,GHCND:ASN00062009,METERS,149.9856
454.0,1870-08-01,2020-09-30,-32.5956,"MUDGEE GEORGE STREET, AS",0.9908,GHCND:ASN00062021,METERS,149.5956
460.0,1866-09-01,2020-10-21,-33.5343,"KURRAJONG HEIGHTS BELLS LINE, AS",0.9136,GHCND:ASN00063043,METERS,150.6338
900.0,1878-01-01,2020-10-22,-33.4769,"LITHGOW COOERWULL, AS",0.6723,GHCND:ASN00063226,METERS,150.1303
375.0,1878-01-01,2010-11-30,-31.7231,"NEILREX CAIGAN, AS",0.9793,GHCND:ASN00064007,METERS,149.2558
505.0,1879-03-01,2020-10-22,-31.2712,"COONABARABRAN NAMOI STREET, AS",0.9994,GHCND:ASN00064008,METERS,149.2714
39.0,1858-07-01,2020-08-31,-33.8607,"SYDNEY OBSERVATORY HILL, AS",1.0,GHCND:ASN00066062,METERS,151.205
122.0,1867-01-01,2020-10-22,-33.9696,"BRINGELLY MARYLAND, AS",0.9234,GHCND:ASN00067015,METERS,150.725
675.0,1870-10-01,2020-10-19,-34.5444,"MOSS VALE HOSKINS STREET, AS",0.9932,GHCND:ASN00068045,METERS,150.3768
165.0,1880-01-01,2020-03-06,-34.1685,"PICTON COUNCIL DEPOT, AS",0.929,GHCND:ASN00068052,METERS,150.6145
50.0,1879-03-01,2020-10-18,-36.6884,"BEGA NEWTOWN ROAD, AS",0.9373,GHCND:ASN00069002,METERS,149.838
9.0,1869-05-01,2020-08-28,-37.0557,"EDEN CARAVAN PARK, AS",0.9795,GHCND:ASN00069015,METERS,149.9053
76.0,1876-09-01,2019-03-25,-35.3156,"MILTON POST OFFICE, AS",0.9187,GHCND:ASN00069016,METERS,150.4357
17.0,1875-06-01,2020-10-22,-35.9093,"MORUYA HEADS PILOT STATION, AS",0.9988,GHCND:ASN00069018,METERS,150.1532
42.0,1878-01-01,2020-08-31,-36.0876,"BODALLA POST OFFICE, AS",0.9451,GHCND:ASN00069036,METERS,150.0508
785.0,1879-09-01,2020-06-30,-36.7969,"BUKALONG STATION, AS",0.9957,GHCND:ASN00070009,METERS,149.1972
580.0,1870-10-01,2019-05-31,-35.3552,"QUEANBEYAN BOWLING CLUB, AS",0.9994,GHCND:ASN00070072,METERS,149.2292
855.0,1879-01-01,2020-07-31,-34.545,"WOODHOUSELEE LEESTON, AS",0.6928,GHCND:ASN00070131,METERS,149.6245
232.0,1872-01-01,2020-08-31,-35.2765,"TARCUTTA POST OFFICE, AS",0.9861,GHCND:ASN00072042,METERS,147.7362
285.0,1880-01-01,2020-09-30,-34.444,"TEMORA AMBULANCE STATION, AS",0.9522,GHCND:ASN00073037,METERS,147.533
197.0,1878-02-01,2020-01-16,-35.0996,"MUNDARLO YABTREE, AS",0.9077,GHCND:ASN00073055,METERS,147.7767
158.0,1878-01-01,2020-09-30,-34.2849,"BARELLAN POST OFFICE, AS",0.933,GHCND:ASN00074005,METERS,146.5714
119.0,1878-12-01,2016-01-31,-35.6577,"BERRIGAN POST OFFICE, AS",0.9168,GHCND:ASN00074009,METERS,145.8126
120.0,1870-03-01,2015-09-30,-35.3526,"URANA BUTHERWAH, AS",0.9576,GHCND:ASN00074026,METERS,146.31
125.0,1871-01-01,2020-10-19,-35.3305,"URANA POST OFFICE, AS",0.9575,GHCND:ASN00074110,METERS,146.2652
93.0,1858-02-01,2020-10-08,-35.5269,"DENILIQUIN WILKINSON ST, AS",0.9873,GHCND:ASN00074128,METERS,144.952
141.0,1876-08-01,2020-07-31,-34.2289,"BINYA POST OFFICE, AS",0.8035,GHCND:ASN00075006,METERS,146.3444
82.0,1877-01-01,2019-09-30,-34.2175,"HAY CORRONG, AS",0.8067,GHCND:ASN00075018,METERS,144.4661
64.0,1877-01-01,2011-12-31,-35.1619,"MALLAN NIEMUR VALLEY, AS",0.9674,GHCND:ASN00075020,METERS,143.873
104.0,1877-01-01,2020-09-30,-34.442,"GROONGAL GROONGAL STATION, AS",0.9406,GHCND:ASN00075026,METERS,145.5612
93.3,1877-05-01,2015-01-09,-34.5194,"HAY MILLER STREET, AS",0.9919,GHCND:ASN00075031,METERS,144.8545
192.0,1880-01-01,2015-11-12,-33.6104,"NARADHAN URALBA, AS",0.7388,GHCND:ASN00075050,METERS,146.3161
107.0,1880-01-01,2013-12-31,-34.4774,"GROONGAL GUNDALINE, AS",0.9602,GHCND:ASN00075064,METERS,145.5472
84.0,1876-01-31,2020-09-30,-34.0965,"BOOLIGAL ULONGA, AS",0.8744,GHCND:ASN00075069,METERS,144.6529
87.0,1868-10-01,2020-09-30,-35.2119,"WANGANELLA GENERAL STORE, AS",0.6465,GHCND:ASN00075071,METERS,144.816
99.0,1879-01-01,2015-12-26,-34.9953,"CONARGO WILLURAH, AS",0.9775,GHCND:ASN00075075,METERS,145.0915
82.0,1867-08-01,2019-11-03,-35.1721,"WANGANELLA ZARA, AS",0.7384,GHCND:ASN00075080,METERS,144.6966
112.0,1871-03-01,2017-11-21,-33.5871,"HILLSTON COWL COWL, AS",0.7795,GHCND:ASN00075096,METERS,145.3604
111.3,1878-03-01,2020-10-17,-36.4644,"DIMBOOLA, AS",0.9765,GHCND:ASN00078010,METERS,142.0327
128.0,1873-09-01,2015-08-31,-36.6613,"HORSHAM POLKEMMET RD, AS",0.9478,GHCND:ASN00079023,METERS,142.0687
133.0,1863-01-01,2020-10-22,-36.6722,"LONGERENONG, AS",0.7961,GHCND:ASN00079028,METERS,142.2991
580.0,1873-12-01,2020-09-30,-36.3702,"BEECHWORTH COMPOSITE, AS",0.9148,GHCND:ASN00082001,METERS,146.7132
557.0,1879-11-01,2020-09-30,-36.7872,"STRATHBOGIE NORTH, AS",0.9143,GHCND:ASN00082043,METERS,145.8225
15.2,1864-01-01,2020-10-22,-37.5679,"GABO ISLAND LIGHTHOUSE, AS",0.9732,GHCND:ASN00084016,METERS,149.9158
95.0,1872-11-01,2020-10-22,-39.1297,"WILSONS PROMONTORY LIGHTHOUSE, AS",0.9966,GHCND:ASN00085096,METERS,146.4244
31.2,1855-04-01,2015-01-06,-37.8075,"MELBOURNE REGIONAL OFFICE, AS",1.0,GHCND:ASN00086071,METERS,144.97
46.0,1868-09-01,2020-09-30,-38.2358,"MORNINGTON, AS",0.8656,GHCND:ASN00086079,METERS,145.0667
198.0,1856-03-01,2020-10-22,-37.5552,"YAN YEAN, AS",0.9236,GHCND:ASN00086131,METERS,145.1259
360.0,1879-04-01,2015-11-30,-37.6886,"CORANDERRK BADGER WEIR, AS",0.714,GHCND:ASN00086219,METERS,145.5644
508.7,1875-05-01,2020-10-18,-37.6018,"BALLAN, AS",0.9888,GHCND:ASN00087006,METERS,144.2295
560.0,1878-10-01,2020-10-19,-37.4701,"BLACKWOOD, AS",0.9215,GHCND:ASN00087017,METERS,144.3069
365.8,1874-01-01,2017-11-17,-37.8233,"DURDIDWARRAH, AS",0.884,GHCND:ASN00087021,METERS,144.2078
82.6,1878-01-01,2016-12-31,-38.0657,"LOVELY BANKS RESERVOIR, AS",0.9994,GHCND:ASN00087034,METERS,144.3281
505.0,1873-12-01,2020-09-30,-37.4155,"MACEDON FORESTRY, AS",0.8505,GHCND:ASN00087036,METERS,144.5569
488.0,1856-06-01,2020-09-30,-37.6719,"SCOTSBURN MOUNT BONINYONG, AS",0.8736,GHCND:ASN00087046,METERS,143.94
200.0,1878-07-01,2018-05-10,-37.5706,"SUNBURY SALESIAN COLLEGE, AS",0.9522,GHCND:ASN00087061,METERS,144.7411
221.0,1877-04-01,2020-08-31,-37.1916,"ALEXANDRA POST OFFICE, AS",0.9988,GHCND:ASN00088001,METERS,145.7116
332.0,1879-07-01,2020-10-17,-37.3049,"CLUNES, AS",0.9915,GHCND:ASN00088015,METERS,143.7776
612.0,1869-09-01,2020-10-19,-37.3432,"DAYLESFORD, AS",0.9921,GHCND:ASN00088020,METERS,144.1575
470.0,1872-08-01,2020-05-31,-37.1965,"MALMSBURY RESERVOIR, AS",0.8958,GHCND:ASN00088042,METERS,144.3742
249.3,1878-01-01,2020-10-22,-37.056,"MARYBOROUGH, AS",0.9965,GHCND:ASN00088043,METERS,143.732
698.0,1878-01-01,2020-10-17,-37.3894,"TRENTHAM POST OFFICE, AS",0.8722,GHCND:ASN00088059,METERS,144.3232
222.0,1879-05-01,2020-10-20,-37.6901,"WICKLIFFE, AS",0.989,GHCND:ASN00089033,METERS,142.7253
82.0,1864-04-01,2020-10-22,-38.8556,"CAPE OTWAY LIGHTHOUSE, AS",0.9989,GHCND:ASN00090015,METERS,143.5128
115.0,1880-01-01,2016-08-25,-37.435,"CASTERTON WARROCK, AS",0.9945,GHCND:ASN00090020,METERS,141.3428
55.0,1872-01-01,2016-06-30,-38.3846,"PORTLAND, AS",0.941,GHCND:ASN00090070,METERS,141.6074
55.0,1880-01-01,2020-10-22,-43.4892,"CAPE BRUNY LIGHTHOUSE, AS",0.8834,GHCND:ASN00094010,METERS,147.1453
383.0,1876-01-01,2020-10-20,48.05,"KREMSMUENSTER, AU",1.0,GHCND:AU000005010,METERS,14.1331
199.0,1855-02-01,2020-10-20,48.2331,"WIEN, AU",0.9985,GHCND:AU000005901,METERS,16.35
437.0,1874-01-01,2020-10-20,47.8,"SALZBURG, AU",0.9825,GHCND:AU000006306,METERS,13.0
577.0,1877-01-01,2020-10-20,47.2667,"INNSBRUCK, AU",0.9486,GHCND:AU000011801,METERS,11.4
104.0,1833-01-01,2020-10-20,50.8,"UCCLE, BE",0.9991,GHCND:BE000006447,METERS,4.35
142.0,1875-07-01,2020-10-16,52.117,"PINSK, BO",0.7886,GHCND:BOM00033019,METERS,26.117
11.0,1879-04-01,2014-08-31,49.1667,"CHILLIWACK, CA",0.7889,GHCND:CA001101530,METERS,-121.9167
200.0,1870-05-01,2020-10-13,44.1667,"KINCARDINE, CA",0.3649,GHCND:CA006124127,METERS,-81.6167
175.0,1872-10-01,2014-08-09,43.0,"WELLAND, CA",0.9372,GHCND:CA006139445,METERS,-79.2667
188.0,1866-06-01,2020-10-20,42.3333,"WINDSOR RIVERSIDE, CA",0.4827,GHCND:CA006139520,METERS,-82.9333
282.0,1870-02-01,2020-10-18,43.1333,"WOODSTOCK, CA",0.9938,GHCND:CA006149625,METERS,-80.7667
76.0,1866-01-01,2020-10-20,44.15,"BELLEVILLE, CA",0.737,GHCND:CA006150689,METERS,-77.4
113.0,1840-03-01,2017-04-28,43.6667,"TORONTO, CA",0.9993,GHCND:CA006158350,METERS,-79.4
206.0,1875-06-01,2014-07-29,45.1833,"BROME, CA",0.9294,GHCND:CA007020840,METERS,-72.5667
190.0,1871-10-01,2020-08-31,45.8167,"DANVILLE, CA",0.296,GHCND:CA007021954,METERS,-71.9833
123.0,1871-10-01,2020-08-31,45.6333,"RICHMOND, CA",0.4615,GHCND:CA007026465,METERS,-72.1333
20.0,1869-01-01,2020-10-20,6.117,HAMBANTOTA,0.9072,GHCND:CE000043497,METERS,81.133
1880.0,1869-02-01,2020-10-20,6.967,"NUWARA ELIYA, CE",0.9649,GHCND:CE000434730,METERS,80.767
18.0,1873-12-01,2019-12-31,56.7667,"VESTERVIG, DA",1.0,GHCND:DA000021100,METERS,8.3167
25.0,1874-08-01,2019-12-31,56.2831,"GRONBAEK ALLINGSKOVGARD, DA",0.9806,GHCND:DA000021430,METERS,9.6167
4.0,1873-12-01,2019-12-31,55.45,"NORDBY FANO, DA",1.0,GHCND:DA000025140,METERS,8.4
9.0,1873-12-01,2019-12-31,55.6831,"KOEBENHAVN LANDBOHOJSKOLEN 1, DA",0.9996,GHCND:DA000030380,METERS,12.5331
49.0,1867-01-01,2020-10-20,53.3639,"DUBLIN PHOENIX PARK, EI",1.0,GHCND:EI000003969,METERS,-6.3192
12.0,1877-12-14,2020-07-31,58.4194,"PARNU, EN",0.9473,GHCND:ENE00175035,METERS,24.4694
33.0,1870-06-30,2020-07-31,59.3981,"TALLINN, EN",0.9695,GHCND:ENE00175051,METERS,24.6028
151.0,1878-01-01,2020-10-20,43.6208,"TOULOUSE BLAGNAC, FR",1.0,GHCND:FR000007630,METERS,1.3789
871.0,1877-01-01,2020-10-20,44.5656,"EMBRUN, FR",0.5804,GHCND:FRE00104112,METERS,6.5019
6.0,1880-01-01,2020-10-20,49.7253,"PTE DE LA HAGUE, FR",0.9615,GHCND:FRE00104937,METERS,-1.9394
51.0,1876-01-01,2020-08-31,52.4639,"BERLIN DAHLEM, GM",0.9964,GHCND:GM000003319,METERS,13.3017
240.0,1879-01-01,2020-08-31,49.8753,"BAMBERG, GM",1.0,GHCND:GM000004063,METERS,10.9217
515.0,1879-01-01,2020-08-31,48.1667,"MUNCHEN NYMPHENBURG, GM",0.983,GHCND:GM000004199,METERS,11.5025
155.0,1824-01-01,2020-08-31,50.9267,"JENA STERNWARTE, GM",0.9775,GHCND:GM000004204,METERS,11.5842
977.0,1781-01-01,2020-08-31,47.8017,"HOHENPEISSENBERG, GM",0.9624,GHCND:GM000010962,METERS,11.0117
138.0,1863-12-01,2020-08-31,51.3164,"LEIPZIG HOLZHAUSEN, GM",0.9628,GHCND:GME00125218,METERS,12.4475
313.0,1879-01-01,2020-08-31,48.8556,"METTEN, GM",1.0,GHCND:GME00126010,METERS,12.9203
327.0,1879-01-01,2020-08-31,48.5817,"PASSAU MAIERHOF, GM",0.8677,GHCND:GME00127186,METERS,13.4167
112.2,1870-01-01,2020-10-20,50.03333,"RHEIN MAIN, GM",0.9983,GHCND:GMW00035032,METERS,8.58333
157.0,1860-12-01,2020-10-20,45.8167,"ZAGREB GRIC, HR",0.9993,GHCND:HR000142360,METERS,15.9781
564.0,1871-12-01,2018-12-31,44.55,"GOSPIC, HR",0.9379,GHCND:HRE00105182,METERS,15.3667
20.0,1857-12-01,2018-12-31,43.1667,"HVAR, HR",0.9354,GHCND:HRE00105189,METERS,16.45
7.0,1875-12-01,2020-08-20,53.3667,"WEST TERSCHELLING, NL",1.0,GHCND:NLE00100496,METERS,5.2167
1.0,1846-12-01,2020-08-20,53.1831,"GRONINGEN 1, NL",1.0,GHCND:NLE00100499,METERS,6.6
-3.0,1866-12-01,2020-08-20,52.3167,"HOOFDDORP, NL",1.0,GHCND:NLE00100503,METERS,4.7
7.0,1878-03-01,2020-08-20,51.6831,"KERKWERVE, NL",1.0,GHCND:NLE00100506,METERS,3.8667
20.0,1868-12-01,2020-08-20,51.1831,"ROERMOND, NL",1.0,GHCND:NLE00100510,METERS,5.9667
0.0,1876-12-01,2015-12-31,52.1167,"SCHEVENINGEN, NL",1.0,GHCND:NLE00101965,METERS,4.3
14.0,1867-02-01,2020-08-20,52.25,"PUTTEN GLD, NL",1.0,GHCND:NLE00101991,METERS,5.6167
18.0,1868-12-01,2020-08-20,51.4831,"HELMOND, NL",0.95,GHCND:NLE00102079,METERS,5.6167
0.0,1850-12-31,2020-10-20,52.9331,"DEN HELDER 1, NL",1.0,GHCND:NLM00006235,METERS,4.75
8.0,1854-12-01,2020-10-20,51.45,"WEST SOUBURG, NL",1.0,GHCND:NLM00006310,METERS,3.6
9.0,1875-01-01,2020-08-30,58.0667,OKSOEY FYR,0.9257,GHCND:NOE00105483,METERS,8.0506
5.0,1876-02-20,2011-02-06,69.3233,"ANDENES, NO",0.9994,GHCND:NOE00157204,METERS,16.12
117.0,1880-01-01,2016-03-31,46.1331,"ARAD, RO",0.8973,GHCND:ROE00100829,METERS,21.35
57.0,1874-10-01,2019-06-30,43.58,"SOTCHI, RS",0.9577,GHCND:RSM00037099,METERS,39.77
116.0,1877-11-01,2020-10-20,-34.083,"RIVERSDALE, SF",0.6641,GHCND:SF000104560,METERS,21.25
270.0,1880-01-01,2020-10-20,-33.617,"WORCESTER, SF",0.9841,GHCND:SF000227590,METERS,19.467
204.0,1877-10-01,2020-10-20,-33.8,"ROBERTSON, SF",0.8321,GHCND:SF000236780,METERS,19.9
190.0,1877-11-01,2020-10-20,-34.017,"GEORGE AIRPORT, SF",0.9964,GHCND:SF000288380,METERS,22.383
102.0,1877-12-01,2020-10-20,-33.467,"MALMESBURY, SF",0.9753,GHCND:SF000414170,METERS,18.717
842.0,1877-12-01,2020-10-20,-33.283,"WILLOWMORE, SF",0.6898,GHCND:SF000508870,METERS,23.5
642.0,1877-11-01,2020-10-20,-33.283,"GRAHAMSTOWN, SF",0.9753,GHCND:SF000570480,METERS,26.5
455.0,1877-11-01,2020-10-20,-32.783,"FORT BEAUFORT, SF",0.9753,GHCND:SF000782270,METERS,26.633
102.0,1877-12-01,2020-10-20,-32.167,"CRADOCK, SF",0.7145,GHCND:SF000981900,METERS,25.617
1268.0,1878-01-01,2020-10-20,-31.917,"FRASERBURG, SF",0.6998,GHCND:SF001130250,METERS,21.517
1603.0,1879-03-01,2020-10-20,-31.117,"JAMESTOWN, SF",0.8626,GHCND:SF001485170,METERS,26.8
1007.0,1878-01-01,2020-10-20,-29.667,"SPRINGBOK, SF",0.9838,GHCND:SF002146700,METERS,17.9
7.0,1857-03-01,2020-10-20,16.633,"PODOR, SG",0.462,GHCND:SG000061612,METERS,-14.917
5.0,1859-07-16,2020-08-31,65.8269,"HAPARANDA, SW",1.0,GHCND:SW000002196,METERS,24.1439
15.0,1868-01-01,2020-08-31,62.6331,"HARNOSAND, SW",1.0,GHCND:SW000002361,METERS,17.9331
308.0,1879-07-01,2016-11-30,60.6814,"MALUNG, SW",1.0,GHCND:SW000002410,METERS,13.6994
42.0,1859-08-01,2020-10-20,57.66,"VISBY FLYGPLATS, SW",1.0,GHCND:SW000002590,METERS,18.34
93.0,1858-12-01,2020-10-20,58.4,"LINKOEPING MALMSLAETT, SW",0.9981,GHCND:SW000008525,METERS,15.5331
160.0,1860-01-01,2020-08-31,60.6167,"FALUN, SW",0.9974,GHCND:SW000010537,METERS,15.6167
46.0,1860-01-01,2020-10-20,59.35,"KARLSTAD, SW",0.871,GHCND:SW000024180,METERS,13.4667
166.0,1860-01-01,2019-09-16,56.8667,"VAEXJOE, SW",0.9651,GHCND:SWE00100003,METERS,14.8
376.0,1862-04-01,2020-10-20,63.1831,"OESTERSUND FROESOEN, SW",0.9485,GHCND:SWE00100026,METERS,14.4831
5.0,1880-01-01,2020-08-31,55.38,FALSTERBO,0.9996,GHCND:SWE00137494,METERS,12.82
73.0,1863-01-01,2020-08-31,55.7,"LUND, SW",1.0,GHCND:SWE00137568,METERS,13.2
10.0,1878-05-01,2020-08-31,56.33,"KRISTIANSTAD, SW",0.8969,GHCND:SWE00137620,METERS,14.15
50.0,1871-01-01,2020-08-31,56.18,"KARLSHAMN, SW",0.9972,GHCND:SWE00137686,METERS,14.85
2.0,1868-01-01,2020-08-31,56.69,"KALMAR D, SW",0.9792,GHCND:SWE00137832,METERS,16.35
24.0,1871-01-01,2020-08-31,56.67,"HALMSTAD, SW",0.969,GHCND:SWE00137836,METERS,12.92
155.0,1879-03-01,2020-08-31,56.83,"LJUNGBY, SW",0.9708,GHCND:SWE00137876,METERS,13.95
38.0,1879-11-01,2020-08-31,56.92,"HOBURG, SW",1.0,GHCND:SWE00137910,METERS,18.1664
20.0,1879-12-01,2020-07-31,57.11,"VARBERG, SW",0.9897,GHCND:SWE00137974,METERS,12.27
4.0,1879-11-01,2020-08-31,57.37,OLANDS NORRA UDDE,1.0,GHCND:SWE00138058,METERS,17.1
12.0,1880-01-01,2020-08-31,57.63,"VINGA, SW",0.9325,GHCND:SWE00138166,METERS,11.61
98.0,1871-01-01,2020-08-31,57.7667,"JONKOPING, SW",0.5994,GHCND:SWE00138232,METERS,14.1831
50.0,1859-08-01,2020-07-31,58.36,"VANERSBORG, SW",0.9834,GHCND:SWE00138464,METERS,12.36
115.0,1859-08-01,2016-03-01,58.4,"SKARA 1, SW",0.9462,GHCND:SWE00138488,METERS,13.45
18.0,1879-10-31,2020-08-31,58.74,"LANDSORT, SW",1.0,GHCND:SWE00138618,METERS,17.87
12.0,1879-11-01,2020-08-31,59.4442,"SVENSKA HOGARNA, SW",1.0,GHCND:SWE00138962,METERS,19.5056
97.0,1876-01-01,2018-05-01,59.51,"NORA D, SW",0.9997,GHCND:SWE00138978,METERS,15.03
13.0,1863-01-01,2020-08-31,59.86,"UPPSALA AUT, SW",1.0,GHCND:SWE00139148,METERS,17.63
425.0,1879-08-01,2020-08-31,61.71,"SARNA, SW",0.9927,GHCND:SWE00139668,METERS,13.13
70.0,1878-01-01,2020-08-31,61.79,"DELSBO, SW",0.9943,GHCND:SWE00139680,METERS,16.55
432.0,1875-07-01,2020-08-31,62.0192,"SVEG, SW",1.0,GHCND:SWE00139720,METERS,14.1903
9.0,1859-07-07,2020-08-31,65.3197,"PITEA, SW",0.9969,GHCND:SWE00140492,METERS,21.49
254.0,1871-01-01,2018-06-30,66.6297,"JOKKMOKK, SW",0.9903,GHCND:SWE00140746,METERS,19.64
330.0,1878-10-15,2020-08-31,68.4419,"KARESUANDO, SW",0.9986,GHCND:SWM00002080,METERS,22.4503
44.0,1859-01-01,2020-08-31,59.35,"STOCKHOLM, SW",1.0,GHCND:SWM00002485,METERS,18.05
2472.0,1864-01-01,2020-10-20,45.8667,"COL DU GRAND ST BERNARD, IT",0.7081,GHCND:SZ000006717,METERS,7.1667
9.0,1873-07-01,2020-10-20,58.33,"STORNOWAY AIRPORT, UK",0.9988,GHCND:UK000003026,METERS,-6.32
62.0,1838-01-01,2018-12-31,54.35,"ARMAGH, UK",0.982,GHCND:UK000047811,METERS,-6.65
63.0,1814-12-31,2019-04-30,51.7667,"OXFORD, UK",1.0,GHCND:UK000056225,METERS,-1.2667
307.0,1874-12-31,2018-12-31,53.2567,"BUXTON, UK",0.7195,GHCND:UKE00105905,METERS,-1.9131
102.0,1879-12-31,2018-12-31,54.7678,"DURHAM, UK",0.9869,GHCND:UKE00156852,METERS,-1.5842
54.0,1879-02-01,2020-10-20,46.633,"KHERSON, UP",0.8354,GHCND:UPM00033902,METERS,32.567
190.8,1875-08-01,2020-10-22,34.5129,"HOT SPRINGS 1 NNE, AR US",1.0,GHCND:USC00033466,METERS,-93.0487
212.4,1872-02-01,2010-12-31,34.5408,"MOUNT IDA, AR US",1.0,GHCND:USC00034988,METERS,-93.5878
96.0,1871-07-01,2020-10-20,36.2641,"POCAHONTAS 1, AR US",1.0,GHCND:USC00035820,METERS,-90.9682
1444.4,1867-06-01,2020-09-30,41.8715,"FORT BIDWELL, CA US",1.0,GHCND:USC00043157,METERS,-120.1574
112.5,1868-01-01,2016-03-01,41.55,"MIDDLETOWN 4 W, CT US",1.0,GHCND:USC00064767,METERS,-72.71667
121.0,1876-05-01,2020-10-22,32.0306,"AMERICUS, GA US",1.0,GHCND:USC00090253,METERS,-84.2461
445.0,1874-04-01,2020-10-12,34.5069,"DAHLONEGA 4 WSW, GA US",1.0,GHCND:USC00092475,METERS,-84.0207
173.1,1866-02-01,2020-10-22,41.518,"ROCK ISLAND LOCK AND DAM 15, IL US",1.0,GHCND:USC00117391,METERS,-90.5647
307.8,1862-11-01,2010-12-31,42.527,"INDEPENDENCE NUMBER 1, IA US",1.0,GHCND:USC00134049,METERS,-91.878
320.0,1857-04-01,2020-10-19,38.9583,"LAWRENCE, KS US",1.0,GHCND:USC00144559,METERS,-95.2513
519.7,1877-08-01,2020-10-22,44.0138,"PIPESTONE, MN US",1.0,GHCND:USC00216565,METERS,-96.3258
1402.1,1876-11-01,2015-03-01,46.9956,"CASCADE 20 SSE, MT US",1.0,GHCND:USC00241557,METERS,-111.5772
518.2,1878-01-01,2017-04-28,41.1222,"CENTRAL CITY, NE US",1.0,GHCND:USC00251560,METERS,-98.0283
3.0,1873-12-01,2012-10-03,40.4633,"SANDY HOOK, NJ US",1.0,GHCND:USC00287865,METERS,-74.0055
3.0,1872-01-01,2020-10-02,36.0164,"EDENTON, NC US",1.0,GHCND:USC00312635,METERS,-76.5516
29.3,1871-11-01,2020-10-22,35.05909,"FAYETTEVILLE PWC, NC US",1.0,GHCND:USC00313017,METERS,-78.85883
647.7,1872-03-01,2020-10-18,35.18038,"FRANKLIN, NC US",1.0,GHCND:USC00313228,METERS,-83.39294
9.8,1875-03-01,2020-10-21,35.64,"GREENVILLE, NC US",1.0,GHCND:USC00313638,METERS,-77.3984
1173.5,1877-02-01,2020-10-22,35.05646,"HIGHLANDS, NC US",1.0,GHCND:USC00314055,METERS,-83.19822
352.0,1871-11-01,2020-10-22,35.9147,"LENOIR, NC US",1.0,GHCND:USC00314938,METERS,-81.5374
487.7,1872-01-01,2020-10-22,35.0714,"MURPHY 4 ESE, NC US",1.0,GHCND:USC00316001,METERS,-83.9684
10.7,1870-01-01,2020-10-22,35.88413,"TARBORO 1 S, NC US",1.0,GHCND:USC00318500,METERS,-77.53857
182.9,1871-01-01,2010-12-31,41.65,"TOLEDO BLADE, OH US",1.0,GHCND:USC00338366,METERS,-83.53333
131.1,1840-02-01,2020-10-22,40.22571,"CARLISLE WATER PLANT, PA US",1.0,GHCND:USC00361920,METERS,-77.18938
42.7,1849-05-01,2010-12-31,34.24291,"CAMDEN 3 W, SC US",1.0,GHCND:USC00381310,METERS,-80.65652
570.3,1877-03-01,2020-10-21,45.76542,"EUREKA, SD US",1.0,GHCND:USC00392797,METERS,-99.6222
661.1,1877-11-01,2020-10-22,30.82728,"FORT MCKAVETT, TX US",1.0,GHCND:USC00413257,METERS,-100.11023
201.2,1879-05-01,2010-12-31,31.46667,"HEWITT, TX US",1.0,GHCND:USC00414122,METERS,-97.2
62.5,1878-09-01,2020-10-21,30.9152,"JASPER, TX US",1.0,GHCND:USC00414563,METERS,-94.0097
64.0,1856-01-01,2020-09-30,45.6778,"VANCOUVER 4 NNE, WA US",1.0,GHCND:USC00458773,METERS,-122.651
701.0,1851-01-01,2020-10-22,37.8566,"LEWISBURG 3 N, WV US",1.0,GHCND:USC00465224,METERS,-80.4042
219.5,1870-08-01,2020-10-21,39.33898,"ROMNEY 1 SW, WV US",1.0,GHCND:USC00467730,METERS,-78.77106
3.0,1873-12-10,2020-10-19,39.37778,"ATLANTIC CITY MARINA, NJ US",1.0,GHCND:USW00013724,METERS,-74.42361
378.0,1872-05-01,2020-10-21,39.64981,"MORGANTOWN MUNICIPAL AIRPORT, WV US",1.0,GHCND:USW00013736,METERS,-79.9207
682.1,1876-08-01,2020-08-31,35.5954,"ASHEVILLE, NC US",1.0,GHCND:USW00013872,METERS,-82.5568
186.8,1857-09-01,2020-10-20,46.5458,"MARQUETTE, MI US",1.0,GHCND:USW00014838,METERS,-87.3795
22.6,1878-02-01,2020-10-21,36.6636,"SALINAS AIRPORT, CA US",1.0,GHCND:USW00023233,METERS,-121.6081
11.6,1877-07-01,2020-10-19,38.5552,"SACRAMENTO 5 ESE, CA US",1.0,GHCND:USW00023271,METERS,-121.4183
1309.4,1877-07-01,2020-10-21,40.9017,"WINNEMUCCA AIRPORT, NV US",1.0,GHCND:USW00024128,METERS,-117.808
88.4,1876-01-01,2020-10-21,33.6361,"MONTICELLO MUNICIPAL AIRPORT, AR US",1.0,GHCND:USW00053919,METERS,-91.7556
298.7,1872-10-01,2020-10-21,38.0408,"LEXINGTON BLUEGRASS AIRPORT, KY US",1.0,GHCND:USW00093820,METERS,-84.6058
175.3,1875-05-01,2020-10-21,39.45194,"TERRE HAUTE HULMAN REGIONAL AIRPORT, IN US",1.0,GHCND:USW00093823,METERS,-87.30889
42.7,1869-01-01,2020-10-21,40.77898,"NY CITY CENTRAL PARK, NY US",1.0,GHCND:USW00094728,METERS,-73.96925
